word,category,726,715,701,719,717,703,706,705,711,710,704,722,725,724,721,709,708,720,718,723
Caperucita,NOUN,3,1,1,0,1,1,3,0,2,0,1,1,1,1,1,2,0,0,1,0
Roja,ADJ,2,1,1,0,0,1,3,0,0,0,1,0,1,1,1,1,0,0,1,0
un,DET,4,6,8,4,8,6,4,7,7,11,6,8,4,6,5,6,3,5,10,7
día,NOUN,2,1,2,0,0,1,3,0,1,1,0,1,2,1,1,1,0,1,1,1
estaba,VERB,1,3,0,2,1,0,2,2,1,0,0,0,0,1,1,3,0,1,2,0
con,ADP,5,5,2,1,6,3,6,6,10,5,3,5,6,2,4,9,3,3,8,5
su,DET,7,6,6,18,9,6,16,11,14,10,9,6,9,11,10,13,5,12,11,8
abuela,NOUN,1,5,0,0,10,9,1,11,7,11,9,7,6,0,8,12,6,4,11,5
a,ADP,13,12,14,11,10,12,17,10,8,17,8,11,14,20,14,13,9,11,15,7
la,DET,13,14,16,6,15,12,13,37,24,15,10,12,14,13,11,20,9,4,14,6
cual,PRON,1,0,0,0,1,0,0,0,0,0,0,0,0,1,0,0,0,0,1,1
ambas,PRON,1,0,1,0,0,0,0,0,0,0,0,0,0,0,0,1,0,0,0,0
les,PRON,1,0,0,0,1,0,0,0,1,0,0,0,0,0,0,1,0,0,0,0
gustaban,VERB,1,0,0,1,0,0,0,0,0,1,0,0,0,1,1,1,0,0,0,0
los,DET,1,1,1,3,0,0,1,3,7,1,0,1,0,2,1,2,1,0,1,2
pasteles,NOUN,1,1,0,1,0,0,0,0,1,1,0,1,1,1,1,1,0,0,1,1
Caperucita,PROPN,10,11,14,10,11,7,10,0,7,11,10,10,10,15,11,10,7,7,9,7
Roja,PROPN,3,8,9,1,2,1,10,0,2,2,1,1,0,11,10,5,6,2,7,4
estando,VERB,1,0,0,0,0,0,0,0,0,0,0,0,1,0,0,0,0,0,0,0
en,ADP,4,6,7,5,9,3,3,10,6,8,3,4,5,6,6,7,5,6,8,6
casa,NOUN,3,4,4,3,3,5,7,5,2,4,4,3,4,5,2,5,3,4,9,1
mamá,NOUN,1,2,2,1,0,0,2,1,2,1,1,2,1,1,1,1,0,1,1,0
le,PRON,1,4,5,6,3,1,8,4,7,1,0,5,3,5,6,5,2,3,0,2
dio,VERB,1,2,1,1,0,2,2,0,1,0,1,0,1,4,0,2,0,2,1,0
una,DET,2,2,0,3,7,0,4,7,8,7,1,5,6,4,2,2,3,3,4,7
canasta,NOUN,1,0,1,0,1,0,0,1,2,3,1,1,1,2,1,1,2,1,0,0
de,ADP,6,14,12,9,9,15,15,20,14,13,10,9,10,13,9,20,3,12,26,5
galletas,NOUN,1,1,0,0,1,0,0,1,0,0,0,2,0,0,0,0,1,2,0,1
para,ADP,2,0,3,3,4,2,2,2,3,3,2,2,1,2,3,3,1,3,1,2
llevárselas,VERB,1,0,0,0,0,0,0,0,0,0,0,0,0,0,0,0,0,0,0,0
abuelita,NOUN,10,6,10,13,0,0,10,0,7,0,0,4,9,15,4,1,0,5,0,1
el,DET,13,16,16,19,14,9,13,15,19,16,13,12,6,16,18,13,10,11,15,11
camino,NOUN,2,1,1,1,3,0,1,0,0,0,0,0,1,0,1,3,2,2,0,2
encontró,VERB,1,0,1,1,0,0,1,0,1,0,0,1,0,2,0,2,2,1,1,0
al,DET,1,1,0,0,0,1,2,0,1,0,0,1,0,0,0,3,3,1,0,0
lobo,NOUN,11,10,11,14,10,8,13,11,12,12,9,15,7,12,12,10,8,9,12,10
pero,CCONJ,2,3,2,4,4,1,2,0,3,0,1,0,3,0,1,3,0,0,0,3
cazador,NOUN,5,4,4,5,5,1,3,5,6,5,0,1,0,5,6,5,4,0,4,3
también,ADV,1,0,0,1,1,0,1,1,5,1,0,1,0,0,0,0,1,0,0,3
vio,VERB,1,0,0,2,1,3,2,1,0,0,0,2,0,1,0,1,0,0,0,2
al,ADP,2,1,2,1,3,1,4,7,5,2,2,4,5,5,3,4,2,3,4,0
y,CCONJ,13,19,19,13,18,16,11,19,24,15,16,23,18,11,13,16,12,10,10,6
se,PRON,7,5,13,13,8,10,15,7,9,11,10,10,11,8,9,15,5,2,10,5
entretuvo,VERB,1,0,0,0,1,0,0,0,0,0,0,1,0,0,0,0,0,0,0,0
las,DET,1,1,2,1,2,1,1,4,1,2,2,3,2,1,2,2,1,1,3,1
flores,NOUN,1,2,3,2,2,2,2,2,1,2,3,2,2,2,1,4,2,2,3,2
mientras,SCONJ,1,2,2,0,0,0,0,4,4,5,0,0,4,0,0,0,1,0,2,1
parecía,VERB,1,0,0,0,1,0,0,0,0,0,0,0,0,0,0,0,0,0,0,0
ir,VERB,1,0,1,0,0,0,0,0,0,0,0,0,0,1,0,1,1,0,1,0
hacia,ADP,1,0,0,0,0,0,2,1,0,2,0,0,1,0,0,0,0,0,1,0
tuvo,VERB,1,0,0,0,1,0,1,0,0,0,0,0,0,0,0,0,0,0,0,1
idea,NOUN,1,0,0,0,2,1,1,0,0,0,0,0,0,0,0,0,0,0,0,0
fue,AUX,1,0,0,0,1,1,1,0,1,0,0,0,1,0,0,0,0,1,1,0
directo,ADJ,1,0,0,0,0,0,0,0,0,0,0,0,0,0,1,0,0,0,0,0
atacar,VERB,1,0,1,0,0,0,0,0,0,0,0,1,0,0,0,0,0,1,0,0
llega,VERB,2,0,0,0,0,1,0,0,0,0,0,0,0,0,0,0,0,0,0,0
sirve,VERB,1,0,0,0,0,0,0,0,0,0,0,0,0,0,0,0,0,0,0,0
mesa,NOUN,1,0,0,0,0,0,0,1,0,0,0,0,0,0,1,0,0,1,1,0
simuló,VERB,1,0,0,0,0,0,0,0,0,0,0,0,0,0,0,0,0,0,0,0
ser,AUX,1,1,0,0,1,0,0,0,0,0,0,1,0,1,0,0,1,0,0,0
acostó,VERB,1,0,0,0,0,0,0,0,0,0,0,0,0,0,0,0,0,0,0,0
cama,NOUN,1,2,1,2,0,2,3,5,3,3,3,0,1,4,0,6,2,2,2,0
Caperucita,VERB,1,0,0,0,1,0,0,0,0,0,0,0,0,0,0,0,0,0,0,0
acerca,VERB,1,0,0,0,0,0,0,0,1,0,0,0,0,0,0,0,0,0,0,0
realidad,NOUN,1,0,0,0,0,1,0,0,0,0,0,0,0,0,0,0,0,0,0,0
era,AUX,1,2,1,7,1,1,3,2,5,0,1,1,1,2,1,2,2,1,0,2
da,VERB,1,0,0,0,0,0,0,0,0,0,0,0,0,0,0,0,0,0,0,0
cuenta,NOUN,1,2,1,2,0,2,2,3,0,0,1,0,1,4,0,4,0,2,1,1
que,SCONJ,1,6,8,13,14,5,14,5,6,7,2,6,12,12,11,21,3,6,7,8
está,AUX,1,0,0,0,0,0,0,0,0,0,0,0,0,0,0,0,0,0,0,0
diferente,ADJ,1,0,0,0,1,1,0,0,0,1,0,1,0,0,0,0,0,0,0,0
asusta,VERB,1,0,0,0,0,0,0,0,0,0,0,0,0,0,0,0,0,0,0,0
parecer,NOUN,1,0,0,0,0,0,0,0,0,0,0,0,0,0,0,0,0,0,0,0
come,VERB,1,0,0,0,0,0,0,0,0,0,0,0,0,0,0,0,0,0,0,0
ve,VERB,1,0,0,0,1,1,0,0,0,0,0,0,0,0,0,0,0,0,0,0
escena,NOUN,1,0,0,0,0,0,0,0,0,0,0,0,0,0,0,0,0,0,0,0
logra,VERB,1,0,0,0,0,0,0,0,0,0,0,0,0,0,0,0,0,0,0,0
salvar,VERB,1,0,0,0,0,0,0,0,0,0,0,0,0,0,0,0,0,0,0,0
del,ADP,1,1,1,2,3,0,3,4,2,2,2,2,0,2,2,5,0,2,3,2
junto,ADJ,1,1,0,0,1,0,0,0,0,1,0,0,1,0,1,1,0,0,1,0
llenan,VERB,1,0,0,0,0,0,0,0,0,0,0,0,0,0,0,0,0,0,0,0
piedras,NOUN,1,1,1,1,1,1,1,1,2,3,0,1,0,2,2,0,0,1,2,0
despierta,VERB,1,0,0,0,0,0,0,0,0,0,0,0,0,0,0,0,0,0,0,0
no,ADV,1,4,0,5,1,2,4,2,3,0,0,0,7,7,4,4,0,0,4,2
puede,AUX,1,0,0,0,0,0,0,0,0,0,0,0,0,0,0,0,0,0,0,0
más,ADV,1,0,0,0,0,0,0,0,0,0,0,0,2,0,4,4,0,0,0,0
peso,NOUN,1,1,0,0,0,0,0,0,0,0,0,0,0,0,0,0,0,0,0,0
cae,VERB,1,0,0,0,0,0,0,0,0,0,0,0,0,0,0,0,0,0,0,0
dentro,ADV,1,0,0,1,0,1,1,1,1,3,0,0,0,0,0,0,0,0,0,0
río,NOUN,1,0,0,0,0,0,0,0,0,0,0,0,0,0,0,1,0,0,0,1
despiden,VERB,1,0,0,0,0,0,0,0,0,0,0,0,0,0,0,0,0,0,0,0
niña,NOUN,0,1,0,1,1,0,0,16,1,1,0,1,0,1,2,1,1,1,2,1
pelo,NOUN,0,1,0,0,0,0,0,0,0,0,0,0,0,0,0,0,0,0,0,0
rubio,ADJ,0,1,0,0,0,0,0,0,0,1,0,0,0,0,0,0,0,0,0,0
amiga,NOUN,0,1,0,0,0,0,0,0,0,0,0,0,0,0,0,0,0,0,0,0
animales,NOUN,0,1,0,1,1,0,0,0,1,1,0,1,0,0,0,1,1,0,0,0
vivía,VERB,0,2,1,0,0,0,0,1,1,0,0,0,0,1,0,2,0,0,2,1
campo,NOUN,0,1,0,0,0,0,0,0,0,0,0,0,0,0,0,0,0,0,0,0
tenía,VERB,0,1,4,0,4,1,0,1,4,1,0,0,0,1,2,0,3,0,0,1
gustaba,VERB,0,1,0,1,1,0,0,0,0,0,0,1,0,0,2,0,0,3,0,1
cocinar,VERB,0,1,0,1,0,0,0,0,0,0,0,0,0,0,0,0,0,0,0,1
ella,PRON,0,1,1,2,1,3,5,1,1,3,2,1,4,0,1,3,2,2,3,2
por,ADP,0,2,1,0,0,2,2,5,5,3,1,3,3,1,1,4,3,2,4,0
lo,PRON,0,2,1,3,1,2,1,2,0,3,0,3,0,1,0,4,2,1,1,0
que,PRON,0,1,0,2,0,1,0,0,1,2,0,0,0,0,0,1,0,0,1,0
mandó,VERB,0,1,1,1,0,0,0,0,0,1,0,1,0,0,0,0,0,1,0,1
visitar,VERB,0,1,0,0,1,0,1,0,0,0,0,0,0,1,1,0,1,1,0,0
unas,DET,0,3,0,0,3,1,0,0,0,0,2,0,0,1,2,3,1,0,0,1
frutas,NOUN,0,1,0,0,0,0,0,0,0,0,0,0,0,0,0,1,0,0,0,0
poco,PRON,0,1,1,0,1,0,0,0,1,0,0,1,0,0,1,0,0,0,0,1
agua,NOUN,0,2,1,0,1,0,0,1,0,2,0,0,0,0,0,0,2,0,0,0
iba,AUX,0,1,0,0,0,0,0,0,0,0,1,0,0,0,0,0,0,1,0,0
caminando,VERB,0,1,0,0,0,1,1,0,1,1,1,1,0,0,0,0,0,0,0,0
bosque,NOUN,0,1,2,0,2,1,1,5,4,3,1,2,0,4,1,6,4,0,5,0
la,PRON,0,2,0,4,2,2,2,3,0,3,1,2,7,2,1,3,0,5,1,3
acechaba,VERB,0,1,0,0,0,0,0,0,0,0,0,0,0,0,0,0,0,0,0,0
cuidaba,VERB,0,1,0,0,0,0,0,0,0,0,0,0,0,0,0,0,0,0,0,0
pronto,ADV,0,2,0,1,1,0,0,0,0,0,0,1,0,2,0,0,0,0,1,0
adelantó,VERB,0,1,1,0,0,0,0,0,1,1,0,0,0,0,0,0,0,0,0,1
detuvo,VERB,0,1,0,0,0,0,0,0,0,0,0,0,0,0,0,0,0,0,0,0
recoger,VERB,0,1,0,0,0,0,0,0,0,1,0,0,0,0,0,0,0,0,0,0
entró,VERB,0,1,2,1,1,0,2,0,0,1,2,1,0,0,0,2,0,0,1,1
trató,VERB,0,1,0,0,0,0,0,0,0,0,0,0,0,0,0,0,0,0,0,0
comérsela,VERB,0,1,1,0,0,0,0,0,1,0,0,0,0,0,0,0,0,0,0,1
eso,PRON,0,3,0,0,3,0,1,0,0,0,0,0,0,0,0,0,0,0,0,1
llegó,VERB,0,2,2,2,4,1,1,3,3,3,3,2,1,3,1,1,2,3,2,0
sin,ADP,0,1,0,0,0,0,0,2,0,0,0,0,0,2,0,3,0,1,1,0
darse,VERB,0,1,0,0,0,0,0,3,0,0,0,0,0,2,0,0,0,0,0,0
sino,CCONJ,0,2,0,1,0,0,0,1,2,0,0,0,0,2,0,0,0,0,0,0
puso,VERB,0,1,2,1,1,0,1,0,1,1,1,1,0,0,2,0,0,0,0,0
actuaba,VERB,0,1,0,0,0,0,0,0,0,0,0,0,0,0,0,0,0,0,0,0
raro,ADJ,0,1,0,0,0,0,0,0,0,0,0,0,0,0,0,0,0,0,0,0
tal,ADJ,0,1,0,0,0,0,0,0,0,0,0,0,0,0,0,0,0,0,0,0
vez,NOUN,0,1,0,1,2,0,0,1,2,2,0,1,1,2,0,0,0,0,0,3
enferma,ADJ,0,1,0,0,0,0,0,0,0,0,0,0,0,0,0,0,0,0,0,0
descubierto,VERB,0,1,0,0,0,0,0,0,0,0,0,0,0,0,0,0,0,0,0,0
saltó,VERB,0,1,0,1,0,0,0,0,2,1,0,1,0,1,0,0,0,1,0,0
asustó,VERB,0,1,0,0,0,0,0,0,0,0,2,0,0,0,0,1,0,0,0,0
hasta,ADP,0,1,0,0,0,0,0,1,0,0,0,0,0,0,0,0,0,0,0,0
perseguirla,VERB,0,1,0,0,0,0,0,0,0,0,0,0,0,0,0,0,0,0,0,0
comió,VERB,0,1,1,0,0,0,1,0,0,1,0,0,1,1,1,0,0,0,1,1
después,ADV,0,3,1,0,0,1,1,1,2,0,0,1,1,1,0,1,2,0,8,0
arma,NOUN,0,1,0,0,0,0,0,0,0,0,0,0,0,0,0,1,0,0,0,0
realmente,ADV,0,1,0,0,0,0,0,0,0,0,0,0,0,0,0,0,0,0,0,0
todo,PRON,0,1,0,0,2,0,0,0,1,0,0,0,0,0,1,0,0,0,1,0
había,AUX,0,2,1,2,0,0,5,0,2,3,0,4,0,2,4,4,0,2,4,0
sido,AUX,0,1,0,0,0,0,0,0,0,0,0,0,0,0,0,0,0,0,0,0
así,ADV,0,2,0,0,0,1,0,0,0,4,0,0,1,0,2,0,0,1,0,1
hecho,VERB,0,1,0,0,1,0,0,0,1,0,0,0,0,0,0,0,0,0,0,0
trampa,NOUN,0,1,0,0,0,0,0,0,0,0,0,0,0,0,0,0,0,0,0,0
cortó,VERB,0,1,0,0,0,0,0,1,1,0,0,1,0,0,2,0,0,0,0,0
panza,NOUN,0,2,2,0,1,4,2,5,3,3,0,0,0,0,0,3,0,0,0,1
allí,ADV,0,1,0,0,0,0,0,0,0,0,0,0,0,0,0,0,0,0,0,0
rellenaron,VERB,0,1,0,0,0,0,0,0,0,0,0,0,0,0,0,0,0,0,0,0
cosió,VERB,0,1,0,0,0,0,0,0,0,0,0,0,0,0,0,0,0,0,0,0
fue,VERB,0,1,1,1,1,1,1,1,2,1,1,0,0,0,0,0,1,0,1,0
como,SCONJ,0,1,0,0,0,0,1,0,0,1,0,0,0,0,0,0,0,0,0,0
quedó,VERB,0,1,1,0,0,0,1,2,0,2,1,0,0,1,0,0,0,0,0,0
panzón,NOUN,0,1,0,0,0,0,0,0,0,0,0,0,0,0,0,0,0,0,0,0
podía,AUX,0,1,0,1,0,0,1,0,0,1,0,0,0,1,0,0,0,0,0,0
caminar,VERB,0,1,0,0,0,0,1,0,0,0,0,0,0,1,0,0,0,0,1,0
tanto,DET,0,1,0,0,0,0,0,0,0,0,0,0,0,0,0,0,0,0,1,0
cargaba,VERB,0,1,0,0,1,0,0,0,0,0,0,0,0,0,1,0,0,0,0,0
despidió,VERB,0,1,0,1,1,0,1,1,0,0,2,1,0,0,1,1,0,0,0,0
acompañó,VERB,0,1,0,0,0,0,0,0,0,1,0,0,0,0,0,0,0,0,0,0
Charles,PROPN,0,0,1,0,0,1,1,0,0,0,1,0,0,0,0,0,0,0,0,0
Perrault,PROPN,0,0,1,0,0,1,1,0,0,0,0,0,0,0,0,0,0,0,0,0
cumpleaños,NOUN,0,0,1,0,0,0,0,0,0,0,0,0,0,0,0,0,0,0,0,0
hizo,VERB,0,0,1,0,0,0,2,0,0,0,0,3,0,0,1,1,0,1,0,0
pastel,NOUN,0,0,1,0,0,1,1,2,0,0,1,0,0,0,0,0,1,0,0,0
regaló,VERB,0,0,1,0,0,0,0,0,1,0,0,0,0,0,0,0,0,0,0,0
capa,NOUN,0,0,2,1,1,0,1,0,0,1,0,1,0,0,0,1,1,1,1,0
roja,ADJ,0,0,1,1,1,0,1,1,3,1,0,0,1,0,0,1,1,0,0,1
vivían,VERB,0,0,1,0,0,0,0,0,0,0,0,0,0,0,0,0,0,0,0,0
solas,ADV,0,0,1,0,0,0,0,0,0,0,0,0,0,0,0,0,0,0,0,0
llevarle,VERB,0,0,1,0,0,0,1,0,0,0,1,0,1,1,0,0,0,3,1,0
vino,NOUN,0,0,1,2,2,0,0,0,0,0,0,2,0,0,0,0,0,0,0,1
pan,NOUN,0,0,1,2,1,1,0,0,0,0,1,0,0,0,0,0,1,0,0,0
agarró,VERB,0,0,1,0,0,0,1,0,0,0,0,0,0,0,0,0,0,0,0,0
dijo,VERB,0,0,1,0,0,1,1,0,0,0,0,0,1,0,1,2,0,0,0,0
adiós,ADV,0,0,1,0,0,0,0,0,0,0,0,0,0,0,0,0,0,0,0,0
hambre,NOUN,0,0,2,0,0,0,0,0,0,0,0,0,0,0,0,0,0,0,0,0
distrajó,VERB,0,0,1,0,0,0,0,0,0,0,0,0,0,0,0,0,0,0,0,0
recogiendo,VERB,0,0,2,1,1,0,1,0,0,0,1,1,0,0,0,0,0,1,0,0
quería,VERB,0,0,1,3,0,1,0,0,0,1,0,0,2,0,0,1,0,0,0,0
entregar,VERB,0,0,1,0,0,0,0,0,0,0,0,0,0,0,0,0,0,0,0,0
estaba,AUX,0,0,1,1,2,1,5,2,3,3,4,1,3,1,3,4,1,1,2,4
primero,ADV,0,0,1,0,0,1,0,0,0,0,0,0,0,0,0,0,0,1,0,0
como,ADP,0,0,1,0,1,0,1,2,0,0,0,0,0,0,0,1,0,0,0,2
todavía,ADV,0,0,1,0,0,0,0,0,0,0,0,0,0,0,0,0,0,0,0,0
decidió,VERB,0,0,4,0,1,0,2,1,0,0,0,0,0,4,0,2,0,0,2,0
vestirse,VERB,0,0,1,0,0,0,0,0,0,0,0,0,0,0,0,0,0,0,0,0
ropa,NOUN,0,0,1,0,0,0,0,0,1,0,0,0,0,0,0,0,0,0,0,1
fingir,VERB,0,0,1,0,0,0,0,0,0,0,0,0,0,0,0,0,0,0,0,0
estar,VERB,0,0,1,0,0,0,0,0,0,0,0,0,0,0,0,0,0,0,0,0
durmiendo,VERB,0,0,1,0,0,0,2,0,0,0,0,0,0,0,0,0,0,0,0,0
vaso,NOUN,0,0,1,0,0,0,0,0,0,0,0,0,0,0,0,0,0,0,0,0
esperaba,VERB,0,0,1,1,0,0,0,0,0,0,0,0,0,0,0,0,0,0,0,0
acercara,VERB,0,0,1,0,0,0,0,0,0,0,0,0,0,0,0,0,0,0,0,0
entonces,ADV,0,0,4,0,2,2,0,0,6,7,0,0,0,0,0,0,0,0,1,1
acercó,VERB,0,0,1,0,1,2,1,2,0,0,1,0,1,1,0,0,0,0,1,0
comenzó,VERB,0,0,1,0,0,0,0,0,0,0,0,0,0,2,0,0,0,0,0,0
notar,VERB,0,0,1,0,0,0,0,0,0,0,0,0,0,0,0,0,0,0,0,0
diferencias,NOUN,0,0,1,0,0,0,0,0,0,0,0,0,0,0,0,0,0,0,0,0
notó,VERB,0,0,1,0,0,0,0,0,0,0,0,0,0,0,0,0,0,0,0,0
orejas,NOUN,0,0,1,0,0,0,0,1,1,0,0,0,0,0,0,0,0,0,0,1
grandes,ADJ,0,0,2,0,0,0,0,2,1,0,0,0,0,0,0,0,0,0,0,0
dientes,NOUN,0,0,1,0,0,0,0,0,0,0,0,0,0,0,0,0,0,0,0,0
unos,DET,0,0,1,0,0,0,0,0,0,0,0,0,0,0,0,0,0,0,0,0
ojos,NOUN,0,0,1,0,0,0,0,1,0,0,0,0,0,0,1,0,0,0,0,1
extraños,ADJ,0,0,1,0,0,0,0,0,0,0,0,0,0,0,0,0,0,0,0,0
terminó,VERB,0,0,1,0,0,0,0,0,0,0,0,0,0,0,0,0,0,0,0,0
comiéndose,VERB,0,0,1,0,0,0,0,0,0,0,0,0,0,0,0,0,0,0,0,0
tan,ADV,0,0,1,1,0,0,0,3,0,0,0,0,0,0,1,0,0,0,0,0
cansado,ADJ,0,0,1,0,0,0,1,0,0,0,1,0,1,0,0,0,0,0,0,0
durmió,VERB,0,0,1,0,0,0,0,0,0,0,0,0,0,0,0,0,0,0,0,0
había,VERB,0,0,2,0,2,1,1,1,0,1,0,0,2,1,0,0,0,0,0,1
cerca,ADV,0,0,1,0,0,0,0,0,0,0,0,0,0,0,1,0,0,0,0,0
escuchado,VERB,0,0,1,0,0,0,0,0,0,0,0,0,0,0,0,0,0,0,0,0
gritos,NOUN,0,0,1,0,0,0,0,0,0,0,0,0,0,0,0,0,0,0,0,0
ver,VERB,0,0,1,2,0,0,1,0,2,2,0,0,1,1,1,0,0,0,1,1
si,SCONJ,0,0,1,0,0,0,2,1,0,0,1,0,0,0,0,0,0,0,0,0
problemas,NOUN,0,0,1,0,0,0,0,0,0,0,0,0,0,0,0,0,0,0,0,0
grande,ADJ,0,0,1,0,0,0,0,1,0,1,0,0,0,0,0,0,0,0,0,0
abrió,VERB,0,0,1,0,0,0,0,0,0,1,1,1,0,0,0,1,0,0,0,0
ahí,ADV,0,0,1,0,0,0,0,1,0,0,0,0,0,0,0,1,0,0,0,0
salieron,VERB,0,0,1,0,0,0,1,0,0,0,0,0,0,0,0,1,0,0,0,0
decidieron,VERB,0,0,1,0,1,0,0,0,0,0,0,0,0,0,0,0,0,0,0,0
rellenar,VERB,0,0,1,0,0,0,1,0,0,0,0,0,0,0,0,0,0,0,0,0
cuando,SCONJ,0,0,1,1,0,5,6,6,2,2,1,1,0,0,0,0,0,0,0,0
despertó,VERB,0,0,1,0,0,1,1,1,0,0,0,0,0,0,0,0,0,0,0,0
sentía,VERB,0,0,1,0,0,1,1,1,0,0,0,0,0,0,0,0,0,0,0,0
mal,ADJ,0,0,1,0,0,0,0,0,0,0,0,0,0,0,0,0,0,0,0,1
quiso,VERB,0,0,1,0,0,0,0,0,0,0,0,1,0,0,1,1,0,0,0,0
tomar,VERB,0,0,1,0,0,0,0,0,0,0,0,0,0,0,0,0,0,0,0,0
tanto,PRON,0,0,1,0,0,0,0,0,0,0,0,0,0,0,0,0,0,0,0,2
pozo,NOUN,0,0,2,1,0,1,0,1,0,2,1,1,0,0,1,0,1,1,0,0
cayó,VERB,0,0,1,1,1,1,0,1,0,1,1,1,0,0,1,0,0,0,0,1
aventuras,NOUN,0,0,1,0,0,0,0,0,0,0,0,0,0,0,0,0,0,0,0,0
irse,VERB,0,0,1,0,0,0,0,0,1,0,0,0,0,0,0,0,0,0,0,0
ofreció,VERB,0,0,1,0,0,0,0,0,0,0,0,0,1,0,0,0,0,0,0,0
acompañarla,VERB,0,0,1,0,0,0,0,0,0,0,0,0,0,0,0,0,0,0,0,0
nada,PRON,0,0,1,1,0,0,0,0,0,1,0,0,0,0,0,0,0,0,0,0
malo,ADJ,0,0,1,0,0,0,0,0,0,0,0,0,0,0,0,0,0,0,0,0
sucediera,VERB,0,0,1,0,0,0,0,0,0,0,0,0,0,0,0,0,0,0,0,0
usar,VERB,0,0,0,1,0,0,0,0,0,0,0,0,0,0,0,0,0,0,0,0
cocinarle,VERB,0,0,0,1,0,0,0,0,0,0,0,0,0,0,0,0,0,0,0,0
uva,NOUN,0,0,0,1,0,0,0,0,0,0,1,0,0,0,0,0,1,0,0,0
llevara,VERB,0,0,0,1,0,0,2,0,0,0,0,0,0,0,0,1,0,0,0,0
comer,VERB,0,0,0,2,0,0,1,0,0,1,0,0,1,0,0,0,0,0,0,0
detrás,ADV,0,0,0,1,0,0,0,0,0,0,0,0,0,0,0,1,0,0,0,0
distrajo,VERB,0,0,0,1,0,0,0,0,0,0,0,0,0,0,0,0,0,0,0,0
únicos,NOUN,0,0,0,1,0,0,0,0,0,0,0,0,0,0,0,0,0,0,0,0
dieron,VERB,0,0,0,1,0,0,0,0,0,0,0,0,0,0,0,0,0,0,0,0
fueron,AUX,0,0,0,1,1,0,0,1,0,0,0,0,0,0,0,0,0,0,0,0
pajaritos,NOUN,0,0,0,1,0,0,0,0,1,0,0,0,0,0,0,0,0,0,0,0
atacó,VERB,0,0,0,1,0,1,0,1,0,0,0,1,0,1,0,0,1,1,0,0
sirvió,VERB,0,0,0,1,1,0,0,0,1,0,0,1,0,0,0,0,1,0,0,0
llevó,VERB,0,0,0,1,0,1,0,0,0,0,0,0,0,0,0,0,0,0,0,0
recogido,VERB,0,0,0,1,0,0,1,0,0,0,0,1,0,1,1,0,0,0,1,0
que,CCONJ,0,0,0,1,1,0,0,0,1,0,2,0,0,3,0,1,1,0,0,0
sorprendió,VERB,0,0,0,1,0,0,1,0,0,0,0,0,0,0,0,1,0,0,0,0
lugar,NOUN,0,0,0,1,0,0,0,0,0,0,0,0,0,0,0,0,0,0,0,0
salir,VERB,0,0,0,1,2,0,0,0,0,0,0,0,0,0,0,0,0,0,0,0
corriendo,VERB,0,0,0,1,0,1,0,2,0,0,0,1,0,0,0,0,0,0,0,0
perro,NOUN,0,0,0,2,1,0,0,1,2,1,1,0,0,0,0,0,0,0,0,0
ya,ADV,0,0,0,2,0,0,3,1,2,1,1,1,0,3,2,1,0,1,1,1
comido,VERB,0,0,0,1,0,0,1,1,1,1,0,1,1,2,2,1,0,0,1,0
comida,NOUN,0,0,0,1,0,0,1,0,2,2,0,0,3,0,1,1,0,0,2,0
o,CCONJ,0,0,0,1,0,0,0,1,1,1,0,0,0,0,0,0,0,0,0,1
sorpresa,NOUN,0,0,0,1,0,0,0,0,0,0,0,0,1,0,0,0,0,0,0,1
solamente,ADV,0,0,0,1,0,0,0,0,0,0,0,0,0,0,0,0,0,0,0,0
disfraz,NOUN,0,0,0,1,0,0,0,0,0,0,0,0,0,0,0,0,0,0,0,0
porque,SCONJ,0,0,0,1,1,0,2,0,2,1,0,0,0,0,0,1,1,0,1,0
asombró,VERB,0,0,0,1,0,0,0,0,0,0,0,0,0,0,0,0,0,0,0,0
ah,INTJ,0,0,0,1,0,0,0,0,0,0,0,0,0,0,0,0,0,0,0,0
trajo,VERB,0,0,0,1,0,0,0,0,0,0,1,0,0,0,1,0,0,0,0,0
empezara,VERB,0,0,0,1,0,0,0,0,0,0,0,0,0,0,0,0,0,0,0,0
coser,VERB,0,0,0,1,0,0,0,1,0,0,0,1,0,0,0,0,0,0,0,0
al,ADV,0,0,0,1,0,0,0,0,0,0,0,0,0,0,0,0,0,0,0,0
gordo,ADJ,0,0,0,1,0,0,0,0,0,0,0,0,0,0,0,0,0,0,0,0
todos,PRON,0,0,0,1,0,1,0,0,1,0,0,0,3,0,0,0,0,0,0,0
rieron,VERB,0,0,0,1,0,0,0,0,0,0,0,0,0,0,0,0,0,0,0,0
él,PRON,0,0,0,1,0,0,3,0,1,2,0,0,0,0,0,0,0,0,2,0
regresó,VERB,0,0,0,1,0,0,0,0,0,0,0,0,0,0,0,0,0,0,0,0
acompañada,VERB,0,0,0,1,0,0,0,0,0,0,0,0,0,1,0,0,0,1,0,0
alegre,ADJ,0,0,0,0,2,0,0,0,0,0,0,0,0,0,0,0,1,1,0,0
distinguía,VERB,0,0,0,0,1,0,0,0,0,0,0,0,0,0,0,0,0,0,0,0
amigos,NOUN,0,0,0,0,1,0,0,0,0,0,0,0,0,0,0,0,0,0,0,0
varios,DET,0,0,0,0,1,0,0,0,0,0,0,0,0,0,0,0,0,0,0,0
pájaros,NOUN,0,0,0,0,1,0,1,0,0,0,0,0,0,0,0,0,0,0,0,0
igual,ADJ,0,0,0,0,1,0,0,0,0,0,0,0,0,0,0,0,0,1,1,0
muy,ADV,0,0,0,0,4,0,2,3,1,0,3,1,10,2,2,0,0,2,0,0
bailar,VERB,0,0,0,0,1,0,0,0,0,0,0,0,0,0,0,0,0,0,0,0
sobre,ADP,0,0,0,0,2,0,2,0,0,0,0,0,0,0,0,1,2,0,0,2
cocinaba,VERB,0,0,0,0,1,0,0,1,0,0,0,0,0,0,0,0,0,0,0,0
preparaba,VERB,0,0,0,0,1,0,0,0,0,1,0,0,0,0,0,0,0,0,1,0
postres,NOUN,0,0,0,0,1,0,0,0,1,1,0,0,0,0,0,0,0,1,0,0
mañana,NOUN,0,0,0,0,1,0,0,0,0,0,0,0,0,0,0,0,0,0,0,0
madre,NOUN,0,0,0,0,1,1,0,0,0,0,0,0,0,0,0,1,0,0,1,1
otorgó,VERB,0,0,0,0,1,0,0,0,0,0,0,0,0,0,0,0,0,0,0,0
llevaba,VERB,0,0,0,0,2,0,0,1,0,0,0,0,0,0,0,0,2,0,0,0
uvas,NOUN,0,0,0,0,1,0,1,1,0,0,0,2,0,0,0,0,0,0,0,0
entrar,VERB,0,0,0,0,1,0,0,0,0,0,0,0,0,0,1,0,0,0,0,0
topó,VERB,0,0,0,0,1,0,0,0,0,0,0,0,0,0,0,0,0,0,0,0
aparentó,VERB,0,0,0,0,1,0,0,0,0,0,0,0,0,0,0,0,0,0,0,0
intentar,VERB,0,0,0,0,1,0,0,0,0,0,0,0,0,0,0,0,0,0,0,0
asustarla,VERB,0,0,0,0,1,0,0,0,1,0,0,0,0,0,0,0,0,0,0,0
algo,PRON,0,0,0,0,3,1,0,1,0,0,0,0,0,0,0,0,0,0,0,2
obsesionado,VERB,0,0,0,0,1,0,0,0,0,0,0,0,0,0,0,0,0,0,0,0
continuaba,VERB,0,0,0,0,1,0,0,0,0,0,0,0,0,0,0,0,0,0,0,0
antes,ADV,0,0,0,0,2,0,0,0,0,0,1,0,0,1,0,0,0,0,0,0
plan,NOUN,0,0,0,0,1,1,0,0,0,0,0,0,0,0,0,0,0,0,0,1
durante,ADP,0,0,0,0,1,0,0,0,0,0,0,0,0,0,0,0,0,0,0,0
visita,NOUN,0,0,0,0,2,0,0,0,0,0,0,0,1,0,0,0,0,0,0,0
gran,ADJ,0,0,0,0,1,0,0,0,0,0,0,0,0,0,2,0,0,0,0,3
atacarla,VERB,0,0,0,0,1,0,0,1,0,0,0,0,0,0,0,0,0,0,0,0
abalanzarse,VERB,0,0,0,0,1,0,0,0,0,0,0,0,0,0,0,0,0,0,0,0
apareciera,VERB,0,0,0,0,1,0,0,0,0,0,0,0,0,0,0,0,0,0,0,0
plantas,NOUN,0,0,0,0,1,0,0,0,0,0,0,0,0,0,0,0,0,0,0,0
recogió,VERB,0,0,0,0,1,0,0,0,0,0,0,0,0,0,0,0,2,0,0,0
jarrón,NOUN,0,0,0,0,1,0,1,1,0,0,1,0,0,0,0,0,0,0,1,0
sorprendida,ADJ,0,0,0,0,1,1,0,0,0,2,1,1,1,0,1,0,0,0,0,0
pues,SCONJ,0,0,0,0,1,0,0,1,1,0,0,0,0,0,2,0,0,0,0,0
notaba,VERB,0,0,0,0,1,0,0,0,0,0,0,0,0,0,0,0,0,0,0,0
aspecto,NOUN,0,0,0,0,1,0,0,0,0,0,0,0,0,0,0,0,0,0,0,0
físico,ADJ,0,0,0,0,1,0,0,0,0,0,0,0,0,0,0,0,0,0,0,0
llamaba,VERB,0,0,0,0,1,0,0,0,0,0,0,0,0,0,0,0,0,0,0,0
mucho,ADV,0,0,0,0,1,0,1,0,0,0,0,0,0,1,1,0,0,0,0,0
atención,NOUN,0,0,0,0,1,0,0,0,0,0,0,0,0,0,0,0,0,0,0,0
salta,VERB,0,0,0,0,1,1,0,0,1,0,0,0,0,0,0,0,0,0,0,0
supuesta,ADJ,0,0,0,0,1,0,0,0,0,0,0,0,0,0,0,0,0,0,1,0
resultó,VERB,0,0,0,0,1,0,0,0,0,0,0,0,0,1,0,0,0,0,0,0
espantada,ADJ,0,0,0,0,1,0,0,0,0,0,0,0,0,0,0,0,0,0,0,0
tirando,VERB,0,0,0,0,1,0,1,0,0,0,0,0,0,0,1,0,0,0,0,0
mueble,NOUN,0,0,0,0,1,0,0,0,0,0,0,0,0,0,0,0,0,0,0,0
donde,ADV,0,0,0,0,1,0,0,1,2,1,0,0,0,0,0,0,2,0,2,0
vela,NOUN,0,0,0,0,1,0,0,0,0,0,1,0,0,0,0,0,0,0,0,0
acompañado,VERB,0,0,0,0,1,0,0,0,0,0,0,0,0,0,0,0,0,0,0,0
escucharon,VERB,0,0,0,0,1,0,0,0,0,0,0,0,0,0,0,0,0,0,0,0
ruido,NOUN,0,0,0,0,1,0,0,0,0,0,0,0,0,0,0,0,0,0,1,0
investigar,VERB,0,0,0,0,1,0,0,0,0,0,0,0,0,0,0,0,0,0,1,0
entran,VERB,0,0,0,0,1,0,0,0,0,0,0,0,0,0,0,0,0,0,0,0
ven,VERB,0,0,0,0,1,0,0,0,0,0,0,0,0,0,0,0,0,0,0,0
hay,VERB,0,0,0,0,1,0,0,0,0,0,0,0,0,0,0,0,0,0,0,0
desorden,NOUN,0,0,0,0,1,0,0,0,0,0,0,0,0,0,0,0,0,0,0,0
satisfecho,ADJ,0,0,0,0,2,0,0,0,0,0,1,0,0,0,0,0,0,0,1,0
llena,ADJ,0,0,0,0,1,0,0,1,2,2,1,1,0,0,0,0,0,0,0,0
están,AUX,0,0,0,0,1,0,0,0,0,0,0,0,0,0,0,0,0,0,0,0
felices,ADJ,0,0,0,0,2,1,0,0,1,0,0,0,3,0,0,0,0,0,0,0
los,PRON,0,0,0,0,1,0,0,0,0,0,0,0,0,0,0,0,0,0,0,0
apoyó,VERB,0,0,0,0,1,0,0,0,0,0,0,0,0,0,0,0,0,0,0,0
utilizó,VERB,0,0,0,0,1,0,0,0,0,0,1,0,0,0,0,0,0,0,0,0
tijeras,NOUN,0,0,0,0,1,0,0,0,0,0,1,0,0,0,1,1,0,0,0,1
apoyar,VERB,0,0,0,0,1,0,0,0,0,0,0,0,0,0,0,0,0,0,0,0
ocurrió,VERB,0,0,0,0,1,0,0,0,0,0,0,0,0,0,0,0,0,0,0,0
llenar,VERB,0,0,0,0,1,0,0,0,1,0,0,0,0,0,0,0,0,0,0,0
coserlo,VERB,0,0,0,0,1,0,0,0,2,0,0,0,0,0,0,0,0,0,0,0
aparentemente,ADV,0,0,0,0,1,0,0,0,0,0,0,0,0,0,0,1,0,0,0,0
conocía,VERB,0,0,0,0,1,0,0,0,0,0,0,0,0,0,0,0,0,0,0,0
interior,NOUN,0,0,0,0,1,0,0,0,0,0,0,0,0,0,0,0,0,0,0,0
busca,NOUN,0,0,0,0,1,0,0,0,0,0,0,0,1,0,0,0,0,0,0,0
porque,CCONJ,0,0,0,0,1,0,0,0,0,0,0,0,0,0,0,0,0,0,0,0
sediento,NOUN,0,0,0,0,1,0,0,0,0,0,0,0,0,0,0,0,0,0,0,0
resbaló,VERB,0,0,0,0,1,0,0,0,0,0,0,0,0,0,0,0,0,0,0,0
estaban,AUX,0,0,0,0,1,0,0,0,2,0,1,0,0,0,0,0,0,0,0,0
carcajeando,VERB,0,0,0,0,1,0,0,0,0,0,0,0,0,0,0,0,0,0,0,0
final,NOUN,0,0,0,0,1,0,0,0,1,0,0,0,0,0,0,0,0,0,0,0
contenta,ADJ,0,0,0,0,1,0,0,0,0,0,0,0,1,0,0,0,0,0,0,0
compañía,NOUN,0,0,0,0,1,0,0,1,0,0,0,0,0,0,0,0,0,0,0,0
llevar,VERB,0,0,0,0,0,1,0,0,0,0,0,0,0,0,1,0,0,0,0,0
salió,VERB,0,0,0,0,0,2,0,4,1,1,2,1,1,0,1,1,0,0,0,0
llévate,VERB,0,0,0,0,0,1,0,0,0,0,0,0,0,0,0,0,0,0,0,0
esta,DET,0,0,0,0,0,1,0,0,0,0,0,0,1,0,0,0,0,0,0,0
cesta,NOUN,0,0,0,0,0,1,2,0,0,0,0,0,0,0,0,0,0,0,0,1
llévala,VERB,0,0,0,0,0,1,0,0,0,0,0,0,0,0,0,0,0,0,0,0
tu,DET,0,0,0,0,0,1,0,0,0,0,0,0,1,0,0,0,0,0,0,0
repente,ADV,0,0,0,0,0,2,0,0,1,0,1,0,0,0,0,0,0,0,0,0
seguido,VERB,0,0,0,0,0,1,0,0,0,0,0,0,0,0,0,0,0,0,0,0
este,PRON,0,0,0,0,0,2,0,15,0,0,0,1,1,0,0,2,0,4,0,0
leñador,NOUN,0,0,0,0,0,2,0,1,0,1,5,3,0,0,0,0,0,5,1,1
dónde,ADV,0,0,0,0,0,1,1,0,0,0,0,0,0,0,0,0,0,0,0,0
dirigía,VERB,0,0,0,0,0,1,1,0,0,0,0,0,0,0,0,0,0,0,0,0
recogía,VERB,0,0,0,0,0,1,0,1,1,0,0,0,0,0,0,0,0,0,1,1
hacerse,VERB,0,0,0,0,0,1,0,0,0,0,0,0,0,0,0,0,0,0,0,0
pasar,VERB,0,0,0,0,0,1,0,0,0,1,0,3,0,0,0,0,0,0,0,0
ideando,VERB,0,0,0,0,0,1,0,0,0,0,0,0,0,0,0,0,0,0,0,0
brillante,ADJ,0,0,0,0,0,1,0,0,0,0,0,0,0,0,0,0,0,0,0,0
percató,VERB,0,0,0,0,0,1,0,0,0,0,0,0,0,0,0,2,0,0,1,0
colocó,VERB,0,0,0,0,0,1,0,0,0,0,0,0,1,1,0,0,0,0,0,0
todo,DET,0,0,0,0,0,1,1,0,0,0,0,0,0,0,0,0,0,1,1,0
veía,VERB,0,0,0,0,0,1,0,0,0,0,0,0,0,0,0,0,0,0,1,0
ataca,VERB,0,0,0,0,0,1,0,0,0,0,0,0,0,0,0,0,0,0,0,0
descansando,VERB,0,0,0,0,0,1,0,0,0,0,0,0,1,0,0,0,0,0,0,0
enorme,ADJ,0,0,0,0,0,1,1,0,0,0,0,0,0,0,0,0,0,1,0,0
decide,VERB,0,0,0,0,0,1,0,0,0,0,0,0,0,0,0,0,0,0,0,0
ayudar,VERB,0,0,0,0,0,1,0,0,0,0,0,0,0,0,0,0,0,0,0,0
rescatar,VERB,0,0,0,0,0,1,0,0,0,0,0,0,0,0,0,0,0,0,0,0
cortándole,VERB,0,0,0,0,0,1,0,0,0,0,0,0,0,0,0,0,0,0,0,0
estas,PRON,0,0,0,0,0,1,0,0,0,0,0,0,0,0,0,0,0,0,0,0
pudieron,AUX,0,0,0,0,0,1,0,0,0,0,0,0,0,0,0,0,0,0,0,0
escapar,VERB,0,0,0,0,0,1,0,1,0,0,0,0,0,0,0,0,0,0,1,0
tuvieron,VERB,0,0,0,0,0,1,0,0,0,0,0,0,0,0,0,0,0,0,0,0
llenarle,VERB,0,0,0,0,0,1,0,0,0,0,0,0,0,0,0,0,0,0,0,0
sintiera,VERB,0,0,0,0,0,1,0,0,0,0,0,0,0,0,0,0,0,0,0,0
pesada,ADJ,0,0,0,0,0,1,0,1,0,0,0,0,0,0,0,0,0,0,0,0
tropezó,VERB,0,0,0,0,0,1,0,0,0,0,0,0,0,0,0,0,0,0,0,0
estuvieron,AUX,0,0,0,0,0,1,0,0,0,0,0,0,1,0,0,0,0,0,0,0
visitó,VERB,0,0,0,0,0,1,0,0,0,0,1,0,0,0,0,0,0,0,0,0
regreso,NOUN,0,0,0,0,0,1,0,0,0,0,0,0,0,1,0,0,0,1,0,0
Capezu,PROPN,0,0,0,0,0,0,1,0,0,0,0,0,0,0,0,0,0,0,0,0
ido,VERB,0,0,0,0,0,0,1,0,0,0,0,0,0,0,0,0,0,0,0,0
ese,DET,0,0,0,0,0,0,1,0,0,0,0,0,1,0,0,0,1,0,0,0
mucho,DET,0,0,0,0,0,0,1,0,0,0,0,0,0,0,1,0,0,0,0,0
calor,NOUN,0,0,0,0,0,0,1,0,0,0,0,0,0,0,0,0,0,0,0,0
pesar,NOUN,0,0,0,0,0,0,1,0,0,0,0,0,0,0,0,0,0,0,0,0
parada,ADJ,0,0,0,0,0,0,1,0,0,0,0,0,0,0,0,0,0,0,0,0
platicando,VERB,0,0,0,0,0,0,1,0,0,0,0,0,0,0,0,0,0,0,0,0
siguiente,ADJ,0,0,0,0,0,0,2,0,0,0,0,0,0,0,0,0,0,0,0,0
iba,VERB,0,0,0,0,0,0,4,1,3,1,1,2,1,1,0,2,1,0,0,0
regresar,VERB,0,0,0,0,0,0,1,0,0,0,0,0,0,0,0,0,0,0,0,0
venía,VERB,0,0,0,0,0,0,1,0,0,0,0,0,0,0,0,0,0,0,0,0
persiguiendo,VERB,0,0,0,0,0,0,1,1,0,0,0,0,0,0,0,0,0,1,0,0
desvió,VERB,0,0,0,0,0,0,1,0,0,0,0,0,0,0,0,2,0,0,0,0
señora,NOUN,0,0,0,0,0,0,1,0,0,0,0,0,0,0,0,0,0,0,0,0
haciendo,VERB,0,0,0,0,0,0,1,0,0,0,0,1,0,0,0,0,0,0,0,0
entrado,VERB,0,0,0,0,0,0,1,0,0,0,0,0,0,0,0,0,0,0,0,0
abalanzó,VERB,0,0,0,0,0,0,2,0,0,0,0,0,0,0,2,0,0,0,1,0
llegado,VERB,0,0,0,0,0,0,1,0,0,0,0,0,0,0,0,1,0,0,0,0
poner,VERB,0,0,0,0,0,0,1,0,0,0,0,0,0,0,0,0,0,0,0,0
pensó,VERB,0,0,0,0,0,0,1,0,0,1,0,0,0,0,0,0,1,0,0,0
acostada,VERB,0,0,0,0,0,0,2,1,0,0,0,0,0,0,0,0,0,0,0,0
para,SCONJ,0,0,0,0,0,0,1,0,0,0,0,0,0,0,0,0,0,0,0,1
preguntarle,VERB,0,0,0,0,0,0,1,0,0,0,0,0,0,0,0,0,0,0,0,0
qué,PRON,0,0,0,0,0,0,1,1,1,0,0,0,0,0,0,0,0,0,0,0
acostada,ADJ,0,0,0,0,0,0,1,0,0,0,0,0,0,0,0,0,0,0,0,0
una,PRON,0,0,0,0,0,0,1,0,0,0,0,0,0,0,0,0,0,0,0,0
tarde,NOUN,0,0,0,0,0,0,1,0,0,0,0,0,0,0,0,0,0,0,0,0
respondió,VERB,0,0,0,0,0,0,3,0,0,0,0,0,0,0,0,0,0,0,0,0
voz,NOUN,0,0,0,0,0,0,1,0,0,0,0,0,0,0,0,0,0,0,0,0
volvió,VERB,0,0,0,0,0,0,1,0,0,0,0,0,0,0,0,0,1,0,0,0
preguntar,VERB,0,0,0,0,0,0,1,1,0,0,0,0,0,0,0,0,0,0,0,0
quitó,VERB,0,0,0,0,0,0,1,0,0,0,0,0,0,0,0,0,0,0,0,0
sábana,NOUN,0,0,0,0,0,0,1,0,0,0,0,0,0,0,0,0,0,0,0,0
buró,NOUN,0,0,0,0,0,0,1,0,0,0,0,0,0,0,0,0,0,0,0,0
lado,NOUN,0,0,0,0,0,0,1,1,0,0,0,0,0,0,0,0,0,0,0,0
pasando,VERB,0,0,0,0,0,0,1,0,1,0,0,0,0,0,0,0,0,0,0,0
escuchó,VERB,0,0,0,0,0,0,1,1,0,0,0,0,0,0,0,0,0,0,0,0
alboroto,NOUN,0,0,0,0,0,0,1,0,0,0,0,0,0,0,0,0,0,0,0,0
barriga,NOUN,0,0,0,0,0,0,1,0,0,0,0,0,0,0,1,0,0,1,0,0
roncaba,VERB,0,0,0,0,0,0,1,0,0,0,0,0,0,0,0,0,0,0,0,0
aprovechar,VERB,0,0,0,0,0,0,1,0,0,0,0,0,0,0,0,0,0,0,0,0
rajó,VERB,0,0,0,0,0,0,1,0,0,0,0,0,0,0,0,0,0,0,0,0
tijera,NOUN,0,0,0,0,0,0,1,0,0,0,0,0,0,0,0,0,0,0,0,0
sorpresivamente,ADV,0,0,0,0,0,0,1,0,0,0,0,0,0,0,0,0,0,0,0,0
vida,NOUN,0,0,0,0,0,0,1,0,0,0,0,0,0,0,0,0,0,0,0,0
costurarlo,VERB,0,0,0,0,0,0,1,0,0,0,0,0,0,0,0,0,0,1,0,0
levantó,VERB,0,0,0,0,0,0,1,0,0,0,0,0,0,0,0,0,0,0,0,0
ni,CCONJ,0,0,0,0,0,0,1,0,0,0,0,0,0,0,0,0,0,0,0,0
estómago,NOUN,0,0,0,0,0,0,1,0,1,0,0,1,0,1,1,0,0,2,1,1
pesado,ADJ,0,0,0,0,0,0,1,0,0,0,0,0,0,0,0,0,0,0,0,0
agradeció,VERB,0,0,0,0,0,0,1,0,2,0,0,0,0,0,0,0,0,0,0,0
gracias,NOUN,0,0,0,0,0,0,1,0,0,0,0,0,0,0,0,0,0,0,0,0
ellos,PRON,0,0,0,0,0,0,1,0,0,0,0,0,0,0,0,0,0,0,0,0
aún,ADV,0,0,0,0,0,0,1,0,0,0,0,0,0,0,0,0,0,0,0,0
seguía,VERB,0,0,0,0,0,0,1,0,0,0,0,0,0,0,0,0,0,0,0,0
viva,ADJ,0,0,0,0,0,0,1,0,0,0,0,0,0,0,0,0,0,0,0,0
cabaña,NOUN,0,0,0,0,0,0,0,4,0,0,0,0,0,0,0,0,0,0,0,1
medio,NOUN,0,0,0,0,0,0,0,1,0,0,0,0,0,0,0,0,0,0,0,0
pequeña,ADJ,0,0,0,0,0,0,0,1,0,1,0,0,0,0,0,0,0,0,0,0
vestía,VERB,0,0,0,0,0,0,0,1,0,0,0,1,0,0,0,0,0,0,0,0
caperuza,NOUN,0,0,0,0,0,0,0,1,3,1,0,0,0,0,0,0,0,0,0,1
bailaba,VERB,0,0,0,0,0,0,0,1,0,0,0,0,0,0,0,0,0,0,0,0
son,VERB,0,0,0,0,0,0,0,1,0,0,0,0,0,0,0,0,0,0,0,0
aplausos,NOUN,0,0,0,0,0,0,0,1,0,0,0,0,0,0,0,0,0,0,0,0
mientras,ADV,0,0,0,0,0,0,0,1,1,1,0,0,3,2,0,0,0,1,1,0
estuvo,AUX,0,0,0,0,0,0,0,1,0,0,0,0,1,0,0,0,0,0,0,0
listo,ADJ,0,0,0,0,0,0,0,1,0,0,0,0,0,0,0,0,0,0,0,0
recorrer,VERB,0,0,0,0,0,0,0,1,0,0,0,0,0,0,0,0,0,0,0,0
botella,NOUN,0,0,0,0,0,0,0,1,0,0,0,0,0,0,0,0,0,0,0,0
despedía,VERB,0,0,0,0,0,0,0,1,0,1,0,0,0,0,0,0,0,0,0,0
este,ADV,0,0,0,0,0,0,0,1,0,0,0,0,0,0,0,0,0,0,0,0
despreocupada,ADJ,0,0,0,0,0,0,0,1,0,0,0,0,0,0,0,0,0,0,0,0
hambriento,ADJ,0,0,0,0,0,0,0,1,0,0,0,0,3,0,0,0,0,0,0,0
persiguió,VERB,0,0,0,0,0,0,0,1,0,0,0,1,0,0,0,1,0,0,0,0
aprovechó,VERB,0,0,0,0,0,0,0,1,0,0,0,1,0,0,0,0,1,0,0,0
leñador,VERB,0,0,0,0,0,0,0,1,0,0,0,0,0,0,0,0,0,0,0,0
meterse,VERB,0,0,0,0,0,0,0,1,0,0,0,0,0,0,0,0,0,0,0,0
escondidas,VERB,0,0,0,0,0,0,0,1,0,0,0,0,0,0,0,0,0,0,0,0
dejó,VERB,0,0,0,0,0,0,0,1,0,0,0,0,0,0,0,0,0,0,0,2
todas,DET,0,0,0,0,0,0,0,1,0,0,0,0,0,0,1,0,0,1,0,0
cosas,NOUN,0,0,0,0,0,0,0,1,0,0,0,0,0,0,1,0,0,0,2,0
acomodó,VERB,0,0,0,0,0,0,0,1,0,0,0,0,0,0,0,0,0,0,0,0
quien,PRON,0,0,0,0,0,0,0,1,2,0,0,0,0,0,0,3,0,0,0,0
vestido,VERB,0,0,0,0,0,0,0,1,0,0,0,0,0,0,0,0,0,0,0,0
escondió,VERB,0,0,0,0,0,0,0,1,0,0,0,0,0,0,0,0,0,0,0,0
debajo,ADV,0,0,0,0,0,0,0,1,0,0,0,0,0,0,0,0,0,0,0,0
sábanas,NOUN,0,0,0,0,0,0,0,1,0,0,0,0,0,0,0,1,0,0,0,0
curiosa,ADJ,0,0,0,0,0,0,0,1,0,0,0,0,0,0,0,0,0,0,0,0
empezó,VERB,0,0,0,0,0,0,0,1,0,1,0,0,0,0,0,0,0,1,0,0
era,VERB,0,0,0,0,0,0,0,1,0,0,0,0,0,0,0,0,0,0,0,0
hocico,NOUN,0,0,0,0,0,0,0,1,0,0,0,0,0,0,0,0,0,0,0,0
verse,VERB,0,0,0,0,0,0,0,1,0,0,0,0,0,0,0,0,0,0,0,0
cuestionado,VERB,0,0,0,0,0,0,0,1,0,0,0,0,0,0,0,0,0,0,0,0
saltar,VERB,0,0,0,0,0,0,0,1,0,0,0,0,0,0,0,0,0,0,0,1
lejos,ADV,0,0,0,0,0,0,0,1,0,0,0,0,0,0,0,0,0,0,0,0
ruidos,NOUN,0,0,0,0,0,0,0,1,0,0,0,0,0,0,0,1,0,0,0,0
cara,NOUN,0,0,0,0,0,0,0,1,0,0,0,0,0,0,0,0,0,0,0,0
satisfacción,NOUN,0,0,0,0,0,0,0,1,0,0,0,0,0,0,0,0,0,0,0,0
hubiera,AUX,0,0,0,0,0,0,0,1,0,0,0,0,0,0,0,0,0,0,0,0
rescatadas,VERB,0,0,0,0,0,0,0,1,0,0,0,0,0,0,0,0,0,0,0,0
ayuda,NOUN,0,0,0,0,0,0,0,1,0,0,0,0,0,0,0,0,0,0,0,0
llenó,VERB,0,0,0,0,0,0,0,1,0,0,0,0,0,0,1,0,0,0,0,0
ayudó,VERB,0,0,0,0,0,0,0,1,0,0,0,0,0,0,0,0,0,0,0,0
cercano,ADJ,0,0,0,0,0,0,0,1,0,0,0,0,0,0,0,0,0,0,0,0
atrapado,ADJ,0,0,0,0,0,0,0,1,0,0,0,0,0,0,0,0,0,0,0,0
salvo,ADV,0,0,0,0,0,0,0,1,0,0,0,0,0,0,0,0,0,0,0,0
rumbo,NOUN,0,0,0,0,0,0,0,1,0,0,0,0,0,0,0,0,0,0,0,0
nuevamente,ADV,0,0,0,0,0,0,0,1,0,0,0,0,0,0,0,0,0,0,0,0
rubia,ADJ,0,0,0,0,0,0,0,0,1,0,0,0,0,0,0,0,0,0,0,0
amigo,NOUN,0,0,0,0,0,0,0,0,1,0,0,0,1,0,0,0,0,0,0,0
amiga,ADJ,0,0,0,0,0,0,0,0,1,0,0,0,0,0,0,0,1,0,0,0
hacía,VERB,0,0,0,0,0,0,0,0,1,0,0,0,2,0,0,0,0,0,0,0
fruta,NOUN,0,0,0,0,0,0,0,0,1,1,0,0,0,0,0,0,0,0,0,0
intentaba,VERB,0,0,0,0,0,0,0,0,1,0,0,0,0,0,0,0,0,0,0,0
mismo,ADJ,0,0,0,0,0,0,0,0,1,0,0,0,0,0,0,0,0,0,0,0
tiempo,NOUN,0,0,0,0,0,0,0,0,1,0,0,0,0,0,0,0,0,0,0,0
apareció,VERB,0,0,0,0,0,0,0,0,1,2,0,0,0,1,0,0,0,0,0,0
hacha,NOUN,0,0,0,0,0,0,0,0,1,0,0,0,0,0,0,1,0,0,0,0
animalitos,NOUN,0,0,0,0,0,0,0,0,2,0,0,0,0,0,0,0,0,0,0,0
veían,VERB,0,0,0,0,0,0,0,0,1,0,0,0,0,0,0,0,0,0,0,0
plantitas,NOUN,0,0,0,0,0,0,0,0,1,0,0,0,0,0,0,0,0,0,0,0
llevarlas,VERB,0,0,0,0,0,0,0,0,1,0,0,0,0,0,0,0,0,0,0,0
abre,VERB,0,0,0,0,0,0,0,0,1,0,0,0,0,0,0,0,0,0,0,0
puerta,NOUN,0,0,0,0,0,0,0,0,1,0,0,2,0,0,0,0,0,0,0,0
encuentra,VERB,0,0,0,0,0,0,0,0,1,0,0,0,0,0,0,0,0,0,0,0
intentó,VERB,0,0,0,0,0,0,0,0,1,0,0,0,0,0,0,0,0,0,1,0
aterrada,ADJ,0,0,0,0,0,0,0,0,1,0,0,0,0,0,0,0,0,0,0,0
dado,VERB,0,0,0,0,0,0,0,0,1,0,0,1,0,0,0,0,0,0,0,0
macetero,NOUN,0,0,0,0,0,0,0,0,1,0,0,0,0,0,1,0,0,0,0,0
habían,AUX,0,0,0,0,0,0,0,0,2,0,0,0,0,1,0,0,0,0,0,0
preocupados,ADJ,0,0,0,0,0,0,0,0,1,0,0,0,0,0,0,0,0,0,0,0
sorprende,VERB,0,0,0,0,0,0,0,0,1,0,0,0,0,0,0,0,0,0,0,0
extraña,ADJ,0,0,0,0,0,0,0,0,1,0,0,0,0,0,1,0,0,1,0,0
garras,NOUN,0,0,0,0,0,0,0,0,1,0,0,0,0,0,1,0,0,0,0,0
asustándola,VERB,0,0,0,0,0,0,0,0,1,0,0,0,0,0,0,0,0,0,0,0
mucho,PRON,0,0,0,0,0,0,0,0,1,0,0,0,0,1,0,0,0,0,0,0
gritó,VERB,0,0,0,0,0,0,0,0,1,0,0,0,0,0,0,0,0,0,0,0
horror,NOUN,0,0,0,0,0,0,0,0,1,0,0,0,0,0,0,0,0,0,0,0
habérsela,AUX,0,0,0,0,0,0,0,0,1,0,0,0,0,0,0,0,0,0,0,0
mascota,NOUN,0,0,0,0,0,0,0,0,2,0,0,0,0,0,0,0,0,0,0,0
rifle,NOUN,0,0,0,0,0,0,0,0,1,1,0,0,0,0,0,0,0,0,0,0
tirado,VERB,0,0,0,0,0,0,0,0,1,0,0,0,0,0,0,0,0,0,1,0
bueno,INTJ,0,0,0,0,0,0,0,0,3,0,0,0,0,0,0,0,0,0,0,0
bien,ADV,0,0,0,0,0,0,0,0,1,0,0,0,3,0,0,0,0,0,2,0
dormido,VERB,0,0,0,0,0,0,0,0,1,0,0,0,0,0,0,0,0,0,0,0
mitad,NOUN,0,0,0,0,0,0,0,0,1,0,0,0,0,0,0,0,0,0,0,0
sacando,VERB,0,0,0,0,0,0,0,0,1,0,0,0,0,0,1,0,0,0,0,0
muerto,ADJ,0,0,0,0,0,0,0,0,1,0,0,0,0,0,0,0,0,0,0,0
luego,ADV,0,0,0,0,0,0,0,0,1,0,0,0,0,0,0,0,0,0,0,0
hasta,ADV,0,0,0,0,0,0,0,0,1,0,0,0,0,0,0,0,0,0,0,0
empezaron,VERB,0,0,0,0,0,0,0,0,1,0,0,1,0,0,0,0,0,0,0,0
cortado,VERB,0,0,0,0,0,0,0,0,1,0,0,0,0,0,0,1,0,0,0,0
tiene,VERB,0,0,0,0,0,0,0,0,1,0,0,0,0,0,0,0,0,0,0,0
aguja,NOUN,0,0,0,0,0,0,0,0,1,1,1,0,0,0,0,0,0,0,0,0
hilera,NOUN,0,0,0,0,0,0,0,0,1,0,0,0,0,0,0,0,0,0,1,0
como,CCONJ,0,0,0,0,0,0,0,0,1,2,0,0,0,0,0,0,0,0,0,1
cuando,CCONJ,0,0,0,0,0,0,0,0,1,0,0,0,0,0,0,0,0,0,0,0
terminan,VERB,0,0,0,0,0,0,0,0,1,0,0,0,0,0,0,0,0,0,0,0
terminaron,VERB,0,0,0,0,0,0,0,0,1,0,0,0,0,0,0,0,0,0,0,0
corserlo,VERB,0,0,0,0,0,0,0,0,1,0,0,0,0,0,0,0,0,0,0,0
despertado,VERB,0,0,0,0,0,0,0,0,1,0,0,0,0,0,0,0,0,0,0,0
tres,NUM,0,0,0,0,0,0,0,0,1,0,0,0,0,0,0,0,0,0,0,0
cuatro,NUM,0,0,0,0,0,0,0,0,1,0,0,0,0,0,0,0,0,0,0,0
reían,VERB,0,0,0,0,0,0,0,0,1,1,0,0,0,1,0,0,0,0,0,0
cómo,ADV,0,0,0,0,0,0,0,0,1,0,0,0,0,0,1,0,0,0,0,0
quedado,VERB,0,0,0,0,0,0,0,0,1,0,0,0,0,0,0,0,0,0,0,0
haber,AUX,0,0,0,0,0,0,0,0,1,0,0,0,0,2,0,0,0,0,0,0
esto,PRON,0,0,0,0,0,0,0,0,1,0,0,0,0,0,0,2,0,1,0,0
despide,VERB,0,0,0,0,0,0,0,0,1,0,0,0,0,0,0,0,0,0,0,0
hora,NOUN,0,0,0,0,0,0,0,0,1,0,0,0,0,0,0,0,0,0,0,0
cabello,NOUN,0,0,0,0,0,0,0,0,0,1,0,0,0,0,0,0,0,0,0,0
usaba,VERB,0,0,0,0,0,0,0,0,0,1,0,0,0,0,0,0,0,0,0,0
solía,VERB,0,0,0,0,0,0,0,0,0,1,0,0,0,0,0,0,0,0,1,0
preparar,VERB,0,0,0,0,0,0,0,0,0,1,0,0,0,0,0,0,0,0,0,0
hubo,VERB,0,0,0,0,0,0,0,0,0,1,0,0,0,0,0,0,0,0,0,0
sola,ADJ,0,0,0,0,0,0,0,0,0,1,0,0,0,0,0,1,0,0,0,0
paró,VERB,0,0,0,0,0,0,0,0,0,1,0,0,0,0,0,0,0,0,0,0
buscar,VERB,0,0,0,0,0,0,0,0,0,1,0,0,0,0,0,0,0,0,0,0
debía,AUX,0,0,0,0,0,0,0,0,0,1,0,0,0,0,0,0,0,0,0,0
llegar,VERB,0,0,0,0,0,0,0,0,0,1,0,0,2,1,0,0,0,0,0,0
comerse,VERB,0,0,0,0,0,0,0,0,0,1,0,0,0,1,0,0,0,0,0,0
ganar,VERB,0,0,0,0,0,0,0,0,0,1,0,0,0,0,0,0,0,0,0,0
ventaja,NOUN,0,0,0,0,0,0,0,0,0,1,0,0,0,0,0,0,0,0,0,0
parado,VERB,0,0,0,0,0,0,0,0,0,1,0,0,0,0,0,0,0,0,0,0
florero,NOUN,0,0,0,0,0,0,0,0,0,1,1,1,0,1,0,0,0,0,0,0
sacó,VERB,0,0,0,0,0,0,0,0,0,3,0,1,0,0,1,0,0,0,0,0
echó,VERB,0,0,0,0,0,0,0,0,0,1,0,0,0,0,0,0,0,0,0,0
plato,NOUN,0,0,0,0,0,0,0,0,0,1,0,0,0,0,0,0,0,0,0,0
copa,NOUN,0,0,0,0,0,0,0,0,0,1,0,0,0,0,0,0,0,0,0,0
respectivamente,ADV,0,0,0,0,0,0,0,0,0,1,0,0,0,0,0,0,0,0,0,0
estuvo,VERB,0,0,0,0,0,0,0,0,0,1,0,0,0,0,0,0,0,0,0,0
haciéndose,VERB,0,0,0,0,0,0,0,0,0,1,0,0,0,0,0,0,0,0,0,0
esa,DET,0,0,0,0,0,0,0,0,0,1,0,0,0,0,1,0,0,0,0,0
forma,NOUN,0,0,0,0,0,0,0,0,0,1,0,0,0,0,0,0,0,0,0,0
pues,CCONJ,0,0,0,0,0,0,0,0,0,1,0,0,0,0,1,0,0,0,0,0
es,VERB,0,0,0,0,0,0,0,0,0,4,0,0,0,0,0,0,0,0,0,0
asustada,ADJ,0,0,0,0,0,0,0,0,0,1,0,1,1,0,0,0,0,0,0,0
correr,VERB,0,0,0,0,0,0,0,0,0,1,0,0,0,0,0,0,0,0,1,0
acostado,VERB,0,0,0,0,0,0,0,0,0,1,1,0,0,0,0,0,2,0,0,0
probablemente,ADV,0,0,0,0,0,0,0,0,0,1,0,0,0,0,0,0,0,0,0,0
cabe,VERB,0,0,0,0,0,0,0,0,0,1,0,0,0,0,0,0,0,0,0,0
mencionar,VERB,0,0,0,0,0,0,0,0,0,1,0,0,0,0,0,0,0,0,0,0
hecha,VERB,0,0,0,0,0,0,0,0,0,1,0,0,0,0,0,0,0,0,0,0
desastre,NOUN,0,0,0,0,0,0,0,0,0,1,0,0,0,0,0,0,0,0,0,0
mató,VERB,0,0,0,0,0,0,0,0,0,1,0,0,0,0,0,0,1,1,0,0
vivas,ADJ,0,0,0,0,0,0,0,0,0,1,0,0,0,0,0,0,0,0,0,0
si,CCONJ,0,0,0,0,0,0,0,0,0,1,0,0,0,0,0,0,0,0,0,0
metió,VERB,0,0,0,0,0,0,0,0,0,1,0,1,0,0,0,0,0,1,0,0
traído,VERB,0,0,0,0,0,0,0,0,0,1,0,0,0,0,0,0,0,0,0,0
costuraron,VERB,0,0,0,0,0,0,0,0,0,1,0,0,0,0,0,0,0,0,0,0
echaron,VERB,0,0,0,0,0,0,0,0,0,1,0,0,0,0,0,0,0,0,0,0
asomó,VERB,0,0,0,0,0,0,0,0,0,1,0,0,0,0,0,0,0,0,0,0
jugo,NOUN,0,0,0,0,0,0,0,0,0,0,1,0,0,0,0,0,0,0,0,0
atrás,ADV,0,0,0,0,0,0,0,0,0,0,1,0,0,0,0,0,0,0,0,0
enojado,ADJ,0,0,0,0,0,0,0,0,0,0,1,0,0,0,0,0,0,0,0,0
pensativo,ADJ,0,0,0,0,0,0,0,0,0,0,1,0,0,0,0,0,0,0,0,0
encontraba,VERB,0,0,0,0,0,0,0,0,0,0,1,0,0,0,0,0,0,0,0,0
viendo,VERB,0,0,0,0,0,0,0,0,0,0,1,0,0,0,0,0,0,0,0,0
feliz,ADJ,0,0,0,0,0,0,0,0,0,0,1,0,3,0,3,0,0,0,0,0
tiró,VERB,0,0,0,0,0,0,0,0,0,0,1,0,0,0,0,0,0,0,0,0
cajón,NOUN,0,0,0,0,0,0,0,0,0,0,1,0,0,0,0,0,0,0,0,0
junto,ADV,0,0,0,0,0,0,0,0,0,0,1,0,0,0,1,0,0,0,0,0
rocas,NOUN,0,0,0,0,0,0,0,0,0,0,1,0,0,0,0,3,1,0,0,1
jardín,NOUN,0,0,0,0,0,0,0,0,0,0,1,0,0,0,0,0,0,0,0,0
llenaron,VERB,0,0,0,0,0,0,0,0,0,0,1,0,0,1,0,0,0,0,0,0
ellas,PRON,0,0,0,0,0,0,0,0,0,0,1,0,0,0,0,1,0,0,0,0
sostenía,VERB,0,0,0,0,0,0,0,0,0,0,1,0,0,0,0,0,0,0,0,0
hilo,NOUN,0,0,0,0,0,0,0,0,0,0,1,0,0,0,0,0,0,0,0,0
riendo,VERB,0,0,0,0,0,0,0,0,0,0,1,0,0,0,0,0,0,0,0,0
caminaba,VERB,0,0,0,0,0,0,0,0,0,0,1,0,0,0,0,0,1,0,0,0
hundió,VERB,0,0,0,0,0,0,0,0,0,0,1,0,0,0,0,0,0,0,0,0
acompañaba,VERB,0,0,0,0,0,0,0,0,0,0,1,0,0,0,0,0,0,0,0,0
érase,VERB,0,0,0,0,0,0,0,0,0,0,0,1,1,0,0,0,0,0,0,0
apodaban,VERB,0,0,0,0,0,0,0,0,0,0,0,1,0,0,0,0,0,0,0,0
siempre,ADV,0,0,0,0,0,0,0,0,0,0,0,1,0,0,1,0,0,1,0,0
gorro,NOUN,0,0,0,0,0,0,0,0,0,0,0,1,0,0,0,0,0,0,0,0
rojo,ADJ,0,0,0,0,0,0,0,0,0,0,0,1,0,0,1,0,0,1,1,0
repostera,VERB,0,0,0,0,0,0,0,0,0,0,0,1,0,0,0,0,0,0,0,0
hacer,VERB,0,0,0,0,0,0,0,0,0,0,0,1,0,0,0,1,0,0,1,0
muchos,DET,0,0,0,0,0,0,0,0,0,0,0,1,0,0,0,0,0,0,0,0
perseguía,VERB,0,0,0,0,0,0,0,0,0,0,0,1,0,0,0,0,0,0,0,0
buena,ADJ,0,0,0,0,0,0,0,0,0,0,0,1,1,0,0,0,0,0,0,0
gente,NOUN,0,0,0,0,0,0,0,0,0,0,0,1,0,0,0,0,0,0,0,0
engañar,VERB,0,0,0,0,0,0,0,0,0,0,0,1,0,0,0,0,0,0,0,0
jugando,VERB,0,0,0,0,0,0,0,0,0,0,0,1,0,0,0,0,0,0,0,0
oportunidad,NOUN,0,0,0,0,0,0,0,0,0,0,0,1,0,0,0,0,0,0,0,0
adelantarse,VERB,0,0,0,0,0,0,0,0,0,0,0,1,0,0,0,0,0,0,0,0
tocó,VERB,0,0,0,0,0,0,0,0,0,0,0,1,0,0,0,0,0,0,0,0
amable,ADJ,0,0,0,0,0,0,0,0,0,0,0,1,0,0,0,0,0,0,0,0
cariñoso,ADJ,0,0,0,0,0,0,0,0,0,0,0,1,0,0,0,0,0,0,0,0
las,PRON,0,0,0,0,0,0,0,0,0,0,0,1,0,0,1,0,1,0,0,1
asombrada,NOUN,0,0,0,0,0,0,0,0,0,0,0,1,0,0,0,0,0,0,0,0
escopeta,NOUN,0,0,0,0,0,0,0,0,0,0,0,1,0,0,0,0,0,0,0,0
reír,VERB,0,0,0,0,0,0,0,0,0,0,0,1,0,0,0,0,0,0,0,0
salvada,VERB,0,0,0,0,0,0,0,0,0,0,0,1,0,0,0,0,0,0,0,0
vestimenta,NOUN,0,0,0,0,0,0,0,0,0,0,0,0,1,0,0,0,0,0,0,0
vestido,NOUN,0,0,0,0,0,0,0,0,0,0,0,0,1,0,0,0,0,0,0,0
atenta,ADJ,0,0,0,0,0,0,0,0,0,0,0,0,1,0,0,0,0,0,0,0
responsable,ADJ,0,0,0,0,0,0,0,0,0,0,0,0,1,0,0,0,0,0,0,0
educada,VERB,0,0,0,0,0,0,0,0,0,0,0,0,1,0,0,0,0,0,0,0
sé,VERB,0,0,0,0,0,0,0,0,0,0,0,0,1,0,0,0,0,0,0,0
qué,INTJ,0,0,0,0,0,0,0,0,0,0,0,0,1,0,0,0,0,0,0,0
pasaban,VERB,0,0,0,0,0,0,0,0,0,0,0,0,2,0,0,0,0,0,0,0
juntas,ADJ,0,0,0,0,0,0,0,0,0,0,0,0,1,0,0,0,0,0,0,0
puedes,AUX,0,0,0,0,0,0,0,0,0,0,0,0,1,0,0,0,0,0,0,0
este,DET,0,0,0,0,0,0,0,0,0,0,0,0,1,0,0,2,0,0,0,0
visitas,NOUN,0,0,0,0,0,0,0,0,0,0,0,0,1,0,0,0,0,0,0,0
estás,VERB,0,0,0,0,0,0,0,0,0,0,0,0,1,0,0,0,0,0,0,0
dirigió,VERB,0,0,0,0,0,0,0,0,0,0,0,0,1,0,0,0,0,0,0,0
darle,VERB,0,0,0,0,0,0,0,0,0,0,0,0,3,0,0,0,0,0,0,0
contaba,VERB,0,0,0,0,0,0,0,0,0,0,0,0,2,0,0,0,0,0,0,0
ese,PRON,0,0,0,0,0,0,0,0,0,0,0,0,1,0,0,0,0,0,0,0
feroz,ADJ,0,0,0,0,0,0,0,0,0,0,0,0,1,0,0,0,0,0,0,1
distría,VERB,0,0,0,0,0,0,0,0,0,0,0,0,1,0,0,0,0,0,0,0
alcanzó,VERB,0,0,0,0,0,0,0,0,0,0,0,0,1,0,0,0,0,0,0,0
atacaría,VERB,0,0,0,0,0,0,0,0,0,0,0,0,1,0,0,0,0,0,0,0
distraía,VERB,0,0,0,0,0,0,0,0,0,0,0,0,1,0,0,0,0,0,0,0
pensaba,VERB,0,0,0,0,0,0,0,0,0,0,0,0,1,0,0,0,0,0,0,0
saludó,VERB,0,0,0,0,0,0,0,0,0,0,0,0,1,0,0,0,0,0,0,0
contestaba,VERB,0,0,0,0,0,0,0,0,0,0,0,0,2,0,0,0,0,0,0,0
Caperucita,ADJ,0,0,0,0,0,0,0,0,0,0,0,0,1,0,0,0,0,0,0,0
preguntas,NOUN,0,0,0,0,0,0,0,0,0,0,0,0,1,0,0,0,0,0,0,0
reaccionó,VERB,0,0,0,0,0,0,0,0,0,0,0,0,1,0,0,0,0,0,0,0
haberla,AUX,0,0,0,0,0,0,0,0,0,0,0,0,1,0,0,0,0,0,0,0
tirado,ADJ,0,0,0,0,0,0,0,0,0,0,0,0,1,0,0,0,0,0,0,0
carpintero,NOUN,0,0,0,0,0,0,0,0,0,0,0,0,2,0,0,0,0,0,0,0
salvarlo,VERB,0,0,0,0,0,0,0,0,0,0,0,0,1,0,0,0,0,0,0,0
estaban,VERB,0,0,0,0,0,0,0,0,0,0,0,0,1,0,0,0,0,0,0,0
contentos,ADJ,0,0,0,0,0,0,0,0,0,0,0,0,1,0,0,0,0,0,0,0
todos,DET,0,0,0,0,0,0,0,0,0,0,0,0,2,0,0,0,0,0,0,0
apoyando,VERB,0,0,0,0,0,0,0,0,0,0,0,0,1,0,0,0,0,0,0,0
apoyándose,VERB,0,0,0,0,0,0,0,0,0,0,0,0,1,0,0,0,0,0,0,0
uno,PRON,0,0,0,0,0,0,0,0,0,0,0,0,1,0,0,0,0,0,0,0
otro,PRON,0,0,0,0,0,0,0,0,0,0,0,0,1,0,0,0,0,0,0,0
convivían,VERB,0,0,0,0,0,0,0,0,0,0,0,0,1,0,0,0,0,0,0,0
alegres,ADJ,0,0,0,0,0,0,0,0,0,0,0,0,1,0,0,0,0,0,0,0
divirtiéndose,VERB,0,0,0,0,0,0,0,0,0,0,0,0,1,0,0,0,0,0,0,0
felices,NOUN,0,0,0,0,0,0,0,0,0,0,0,0,1,0,0,0,0,0,0,0
paz,NOUN,0,0,0,0,0,0,0,0,0,0,0,0,1,0,0,0,0,0,0,0
finalmente,ADV,0,0,0,0,0,0,0,0,0,0,0,0,1,0,0,0,0,0,0,0
retira,VERB,0,0,0,0,0,0,0,0,0,0,0,0,1,0,0,0,0,0,0,0
nuevo,ADJ,0,0,0,0,0,0,0,0,0,0,0,0,1,0,0,0,0,0,0,0
deseándole,VERB,0,0,0,0,0,0,0,0,0,0,0,0,2,0,0,0,0,0,0,0
llamada,VERB,0,0,0,0,0,0,0,0,0,0,0,0,0,1,0,0,0,0,0,0
otro,DET,0,0,0,0,0,0,0,0,0,0,0,0,0,1,0,0,0,0,0,0
extremo,NOUN,0,0,0,0,0,0,0,0,0,0,0,0,0,1,0,0,0,0,0,0
diera,VERB,0,0,0,0,0,0,0,0,0,0,0,0,0,1,0,2,0,0,0,1
adentrarse,VERB,0,0,0,0,0,0,0,0,0,0,0,0,0,1,0,0,0,0,0,0
perseguirlo,VERB,0,0,0,0,0,0,0,0,0,0,0,0,0,1,0,0,0,0,0,0
bonitas,ADJ,0,0,0,0,0,0,0,0,0,0,0,0,0,1,0,0,0,0,0,0
bellas,ADJ,0,0,0,0,0,0,0,0,0,0,0,0,0,1,0,0,0,0,0,0
saludar,VERB,0,0,0,0,0,0,0,0,0,0,0,0,0,1,0,0,0,0,0,0
dispuesto,ADJ,0,0,0,0,0,0,0,0,0,0,0,0,0,1,0,0,0,0,0,0
lleno,ADJ,0,0,0,0,0,0,0,0,0,0,0,0,0,2,0,1,0,0,1,1
ilesa,ADJ,0,0,0,0,0,0,0,0,0,0,0,0,0,1,0,0,0,0,0,0
cambio,NOUN,0,0,0,0,0,0,0,0,0,0,0,0,0,1,1,0,0,0,0,0
víveres,NOUN,0,0,0,0,0,0,0,0,0,0,0,0,0,1,0,0,0,0,0,0
llevado,VERB,0,0,0,0,0,0,0,0,0,0,0,0,0,1,0,0,0,1,0,0
fin,NOUN,0,0,0,0,0,0,0,0,0,0,0,0,0,1,0,0,0,0,0,0
dormido,ADJ,0,0,0,0,0,0,0,0,0,0,0,0,0,1,0,0,0,0,0,1
despertarse,VERB,0,0,0,0,0,0,0,0,0,0,0,0,0,1,0,0,0,0,0,0
sabía,VERB,0,0,0,0,0,0,0,0,0,0,0,0,0,1,0,0,0,0,0,0
insertado,VERB,0,0,0,0,0,0,0,0,0,0,0,0,0,1,0,0,0,0,0,0
despidieron,VERB,0,0,0,0,0,0,0,0,0,0,0,0,0,1,0,0,0,0,0,1
toparse,VERB,0,0,0,0,0,0,0,0,0,0,0,0,0,1,0,0,0,0,1,0
otra,DET,0,0,0,0,0,0,0,0,0,0,0,0,0,1,0,0,0,0,0,0
animal,NOUN,0,0,0,0,0,0,0,0,0,0,0,0,0,1,0,0,0,0,0,0
salvaje,ADJ,0,0,0,0,0,0,0,0,0,0,0,0,0,1,0,0,0,0,0,0
cargar,VERB,0,0,0,0,0,0,0,0,0,0,0,0,0,0,1,0,0,0,0,0
caperucita,NOUN,0,0,0,0,0,0,0,0,0,0,0,0,0,0,1,0,0,0,0,0
color,NOUN,0,0,0,0,0,0,0,0,0,0,0,0,0,0,1,0,0,1,1,0
podría,AUX,0,0,0,0,0,0,0,0,0,0,0,0,0,0,1,0,1,0,0,0
sería,AUX,0,0,0,0,0,0,0,0,0,0,0,0,0,0,1,0,0,0,0,0
bueno,ADJ,0,0,0,0,0,0,0,0,0,0,0,0,0,0,1,0,0,0,0,0
fuera,VERB,0,0,0,0,0,0,0,0,0,0,0,0,0,0,1,1,0,0,0,0
visitarla,VERB,0,0,0,0,0,0,0,0,0,0,0,0,0,0,1,0,0,0,0,0
deleitó,VERB,0,0,0,0,0,0,0,0,0,0,0,0,0,0,1,0,0,0,0,0
paseaba,VERB,0,0,0,0,0,0,0,0,0,0,0,0,0,0,1,0,0,0,0,0
área,NOUN,0,0,0,0,0,0,0,0,0,0,0,0,0,0,1,0,0,0,0,0
ahuyentar,VERB,0,0,0,0,0,0,0,0,0,0,0,0,0,0,1,0,0,0,0,0
caso,NOUN,0,0,0,0,0,0,0,0,0,0,0,0,0,0,1,0,0,0,0,0
muchas,DET,0,0,0,0,0,0,0,0,0,0,0,0,0,0,1,0,0,0,0,0
florecitas,NOUN,0,0,0,0,0,0,0,0,0,0,0,0,0,0,1,0,0,0,0,0
contra,ADP,0,0,0,0,0,0,0,0,0,0,0,0,0,0,2,0,0,0,0,0
desde,ADP,0,0,0,0,0,0,0,0,0,0,0,0,0,0,1,0,0,0,0,0
nunca,ADV,0,0,0,0,0,0,0,0,0,0,0,0,0,0,1,0,0,0,0,0
visto,VERB,0,0,0,0,0,0,0,0,0,0,0,0,0,0,1,0,0,1,0,0
grandotes,ADJ,0,0,0,0,0,0,0,0,0,0,0,0,0,0,1,0,0,0,0,0
esperó,VERB,0,0,0,0,0,0,0,0,0,0,0,0,0,0,1,0,0,0,0,0
huyendo,VERB,0,0,0,0,0,0,0,0,0,0,0,0,0,0,1,0,0,0,0,0
pudo,AUX,0,0,0,0,0,0,0,0,0,0,0,0,0,0,2,0,0,0,0,1
hiciera,VERB,0,0,0,0,0,0,0,0,0,0,0,0,0,0,1,0,0,0,0,0
daño,NOUN,0,0,0,0,0,0,0,0,0,0,0,0,0,0,1,0,0,0,0,0
nadie,PRON,0,0,0,0,0,0,0,0,0,0,0,0,0,0,1,0,0,0,0,0
cargando,VERB,0,0,0,0,0,0,0,0,0,0,0,0,0,0,1,0,0,0,0,0
cantidad,NOUN,0,0,0,0,0,0,0,0,0,0,0,0,0,0,1,0,0,0,0,0
rió,VERB,0,0,0,0,0,0,0,0,0,0,0,0,0,0,1,0,0,0,0,0
vestida,VERB,0,0,0,0,0,0,0,0,0,0,0,0,0,0,0,1,0,0,0,0
hornear,VERB,0,0,0,0,0,0,0,0,0,0,0,0,0,0,0,1,0,0,1,0
cada,DET,0,0,0,0,0,0,0,0,0,0,0,0,0,0,0,1,0,0,0,0
semana,NOUN,0,0,0,0,0,0,0,0,0,0,0,0,0,0,0,1,0,0,0,0
transcurso,NOUN,0,0,0,0,0,0,0,0,0,0,0,0,0,0,0,1,0,0,0,0
señor,NOUN,0,0,0,0,0,0,0,0,0,0,0,0,0,0,0,1,0,0,0,0
asustar,VERB,0,0,0,0,0,0,0,0,0,0,0,0,0,0,0,1,0,0,0,0
tarde,ADV,0,0,0,0,0,0,0,0,0,0,0,0,0,0,0,4,0,0,0,0
ramo,NOUN,0,0,0,0,0,0,0,0,0,0,0,0,0,0,0,1,0,0,0,0
percatarse,VERB,0,0,0,0,0,0,0,0,0,0,0,0,0,0,0,1,0,0,0,0
embargo,NOUN,0,0,0,0,0,0,0,0,0,0,0,0,0,0,0,1,0,0,0,0
percatado,VERB,0,0,0,0,0,0,0,0,0,0,0,0,0,0,0,1,0,0,0,0
decirle,VERB,0,0,0,0,0,0,0,0,0,0,0,0,0,0,0,1,0,0,0,0
habia,AUX,0,0,0,0,0,0,0,0,0,0,0,0,0,0,0,1,0,0,0,0
traido,VERB,0,0,0,0,0,0,0,0,0,0,0,0,0,0,0,1,0,0,0,0
cubría,VERB,0,0,0,0,0,0,0,0,0,0,0,0,0,0,0,1,0,0,0,0
rostro,NOUN,0,0,0,0,0,0,0,0,0,0,0,0,0,0,0,1,0,0,0,0
saltando,VERB,0,0,0,0,0,0,0,0,0,0,0,0,0,0,0,1,0,0,0,0
mostrándole,VERB,0,0,0,0,0,0,0,0,0,0,0,0,0,0,0,1,0,0,0,0
recostada,VERB,0,0,0,0,0,0,0,0,0,0,0,0,0,0,0,1,0,0,0,0
suceso,NOUN,0,0,0,0,0,0,0,0,0,0,0,0,0,0,0,1,0,0,0,0
habían,VERB,0,0,0,0,0,0,0,0,0,0,0,0,0,0,0,1,0,0,0,0
incidente,NOUN,0,0,0,0,0,0,0,0,0,0,0,0,0,0,0,1,0,0,0,0
recostado,VERB,0,0,0,0,0,0,0,0,0,0,0,0,0,0,0,1,0,0,0,0
tomó,VERB,0,0,0,0,0,0,0,0,0,0,0,0,0,0,0,1,0,0,1,1
salvas,ADJ,0,0,0,0,0,0,0,0,0,0,0,0,0,0,0,2,0,0,0,0
salvas,NOUN,0,0,0,0,0,0,0,0,0,0,0,0,0,0,0,1,0,0,0,0
sanas,ADJ,0,0,0,0,0,0,0,0,0,0,0,0,0,0,0,1,0,0,0,0
pidó,VERB,0,0,0,0,0,0,0,0,0,0,0,0,0,0,0,1,0,0,0,0
llenarían,VERB,0,0,0,0,0,0,0,0,0,0,0,0,0,0,0,1,0,0,0,0
consiguiente,NOUN,0,0,0,0,0,0,0,0,0,0,0,0,0,0,0,1,0,0,0,0
coserían,VERB,0,0,0,0,0,0,0,0,0,0,0,0,0,0,0,1,0,0,0,0
cuerpo,NOUN,0,0,0,0,0,0,0,0,0,0,0,0,0,0,0,1,0,0,0,0
costurada,ADJ,0,0,0,0,0,0,0,0,0,0,0,0,0,0,0,1,0,0,0,0
pesor,NOUN,0,0,0,0,0,0,0,0,0,0,0,0,0,0,0,1,0,0,0,0
cayera,VERB,0,0,0,0,0,0,0,0,0,0,0,0,0,0,0,1,0,1,0,0
acompañar,VERB,0,0,0,0,0,0,0,0,0,0,0,0,0,0,0,2,0,0,0,0
regresara,VERB,0,0,0,0,0,0,0,0,0,0,0,0,0,0,0,1,0,0,0,0
ignoró,VERB,0,0,0,0,0,0,0,0,0,0,0,0,0,0,0,0,1,0,0,0
momento,NOUN,0,0,0,0,0,0,0,0,0,0,0,0,0,0,0,0,1,0,1,0
comería,VERB,0,0,0,0,0,0,0,0,0,0,0,0,0,0,0,0,1,0,0,0
fingió,VERB,0,0,0,0,0,0,0,0,0,0,0,0,0,0,0,0,1,0,0,0
escapó,VERB,0,0,0,0,0,0,0,0,0,0,0,0,0,0,0,0,1,0,0,0
vivieron,VERB,0,0,0,0,0,0,0,0,0,0,0,0,0,0,0,0,1,0,0,0
entregó,VERB,0,0,0,0,0,0,0,0,0,0,0,0,0,0,0,0,1,0,0,0
llevaron,VERB,0,0,0,0,0,0,0,0,0,0,0,0,0,0,0,0,1,0,0,0
tiraron,VERB,0,0,0,0,0,0,0,0,0,0,0,0,0,0,0,0,1,0,0,0
vestir,VERB,0,0,0,0,0,0,0,0,0,0,0,0,0,0,0,0,0,1,0,0
menudo,ADJ,0,0,0,0,0,0,0,0,0,0,0,0,0,0,0,0,0,1,0,0
observaba,VERB,0,0,0,0,0,0,0,0,0,0,0,0,0,0,0,0,0,1,0,0
perseguir,VERB,0,0,0,0,0,0,0,0,0,0,0,0,0,0,0,0,0,1,0,0
siguió,VERB,0,0,0,0,0,0,0,0,0,0,0,0,0,0,0,0,0,2,0,0
llevándole,VERB,0,0,0,0,0,0,0,0,0,0,0,0,0,0,0,0,0,1,0,0
poniéndole,VERB,0,0,0,0,0,0,0,0,0,0,0,0,0,0,0,0,0,1,0,0
disfrazado,VERB,0,0,0,0,0,0,0,0,0,0,0,0,0,0,0,0,0,1,1,0
observar,VERB,0,0,0,0,0,0,0,0,0,0,0,0,0,0,0,0,0,1,0,0
poco,ADV,0,0,0,0,0,0,0,0,0,0,0,0,0,0,0,0,0,1,0,0
previo,ADJ,0,0,0,0,0,0,0,0,0,0,0,0,0,0,0,0,0,1,0,0
aviso,NOUN,0,0,0,0,0,0,0,0,0,0,0,0,0,0,0,0,0,1,0,0
manera,NOUN,0,0,0,0,0,0,0,0,0,0,0,0,0,0,0,0,0,1,0,0
tendido,VERB,0,0,0,0,0,0,0,0,0,0,0,0,0,0,0,0,0,1,0,0
e,CCONJ,0,0,0,0,0,0,0,0,0,0,0,0,0,0,0,0,0,1,0,0
salieran,VERB,0,0,0,0,0,0,0,0,0,0,0,0,0,0,0,0,0,1,0,0
estos,PRON,0,0,0,0,0,0,0,0,0,0,0,0,0,0,0,0,0,1,0,0
disfrutaron,VERB,0,0,0,0,0,0,0,0,0,0,0,0,0,0,0,0,0,1,0,0
postre,NOUN,0,0,0,0,0,0,0,0,0,0,0,0,0,0,0,0,0,1,0,0
conocida,VERB,0,0,0,0,0,0,0,0,0,0,0,0,0,0,0,0,0,0,1,0
portar,VERB,0,0,0,0,0,0,0,0,0,0,0,0,0,0,0,0,0,0,1,0
envió,VERB,0,0,0,0,0,0,0,0,0,0,0,0,0,0,0,0,0,0,1,0
provisiones,NOUN,0,0,0,0,0,0,0,0,0,0,0,0,0,0,0,0,0,0,2,0
largo,ADJ,0,0,0,0,0,0,0,0,0,0,0,0,0,0,0,0,0,0,1,0
avistó,VERB,0,0,0,0,0,0,0,0,0,0,0,0,0,0,0,0,0,0,1,0
mirándola,VERB,0,0,0,0,0,0,0,0,0,0,0,0,0,0,0,0,0,0,1,0
deseosamente,ADV,0,0,0,0,0,0,0,0,0,0,0,0,0,0,0,0,0,0,2,0
obstante,ADV,0,0,0,0,0,0,0,0,0,0,0,0,0,0,0,0,0,0,3,0
ello,PRON,0,0,0,0,0,0,0,0,0,0,0,0,0,0,0,0,0,0,7,0
iría,VERB,0,0,0,0,0,0,0,0,0,0,0,0,0,0,0,0,0,0,1,0
alrededores,NOUN,0,0,0,0,0,0,0,0,0,0,0,0,0,0,0,0,0,0,1,0
irrumpió,VERB,0,0,0,0,0,0,0,0,0,0,0,0,0,0,0,0,0,0,1,0
tomándola,VERB,0,0,0,0,0,0,0,0,0,0,0,0,0,0,0,0,0,0,1,0
comiéndola,VERB,0,0,0,0,0,0,0,0,0,0,0,0,0,0,0,0,0,0,1,0
rato,NOUN,0,0,0,0,0,0,0,0,0,0,0,0,0,0,0,0,0,0,1,0
saber,VERB,0,0,0,0,0,0,0,0,0,0,0,0,0,0,0,0,0,0,1,0
deseosa,ADJ,0,0,0,0,0,0,0,0,0,0,0,0,0,0,0,0,0,0,1,0
mandado,VERB,0,0,0,0,0,0,0,0,0,0,0,0,0,0,0,0,0,0,1,0
colocando,VERB,0,0,0,0,0,0,0,0,0,0,0,0,0,0,0,0,0,0,1,0
esperando,VERB,0,0,0,0,0,0,0,0,0,0,0,0,0,0,0,0,0,0,1,0
acercaba,VERB,0,0,0,0,0,0,0,0,0,0,0,0,0,0,0,0,0,0,1,0
notando,VERB,0,0,0,0,0,0,0,0,0,0,0,0,0,0,0,0,0,0,1,0
ciertas,DET,0,0,0,0,0,0,0,0,0,0,0,0,0,0,0,0,0,0,1,0
intentando,VERB,0,0,0,0,0,0,0,0,0,0,0,0,0,0,0,0,0,0,2,0
comerla,VERB,0,0,0,0,0,0,0,0,0,0,0,0,0,0,0,0,0,0,1,0
toda,DET,0,0,0,0,0,0,0,0,0,0,0,0,0,0,0,0,0,0,1,0
sucediendo,VERB,0,0,0,0,0,0,0,0,0,0,0,0,0,0,0,0,0,0,1,0
acercarse,VERB,0,0,0,0,0,0,0,0,0,0,0,0,0,0,0,0,0,0,1,0
historia,NOUN,0,0,0,0,0,0,0,0,0,0,0,0,0,0,0,0,0,0,1,0
revuelo,NOUN,0,0,0,0,0,0,0,0,0,0,0,0,0,0,0,0,0,0,1,0
distinto,ADJ,0,0,0,0,0,0,0,0,0,0,0,0,0,0,0,0,0,0,1,0
simplemente,ADV,0,0,0,0,0,0,0,0,0,0,0,0,0,0,0,0,0,0,1,0
mandada,VERB,0,0,0,0,0,0,0,0,0,0,0,0,0,0,0,0,0,0,1,0
par,NOUN,0,0,0,0,0,0,0,0,0,0,0,0,0,0,0,0,0,0,1,0
enviaron,VERB,0,0,0,0,0,0,0,0,0,0,0,0,0,0,0,0,0,0,1,0
deshacerse,VERB,0,0,0,0,0,0,0,0,0,0,0,0,0,0,0,0,0,0,1,0
cuento,NOUN,0,0,0,0,0,0,0,0,0,0,0,0,0,0,0,0,0,0,0,1
nombre,NOUN,0,0,0,0,0,0,0,0,0,0,0,0,0,0,0,0,0,0,0,1
indica,VERB,0,0,0,0,0,0,0,0,0,0,0,0,0,0,0,0,0,0,0,1
larga,ADJ,0,0,0,0,0,0,0,0,0,0,0,0,0,0,0,0,0,0,0,1
ricos,ADJ,0,0,0,0,0,0,0,0,0,0,0,0,0,0,0,0,0,0,0,1
algunas,DET,0,0,0,0,0,0,0,0,0,0,0,0,0,0,0,0,0,0,0,2
adornar,VERB,0,0,0,0,0,0,0,0,0,0,0,0,0,0,0,0,0,0,0,1
regalos,NOUN,0,0,0,0,0,0,0,0,0,0,0,0,0,0,0,0,0,0,0,1
disfrazó,VERB,0,0,0,0,0,0,0,0,0,0,0,0,0,0,0,0,0,0,0,1
sus,DET,0,0,0,0,0,0,0,0,0,0,0,0,0,0,0,0,0,0,0,1
propias,ADJ,0,0,0,0,0,0,0,0,0,0,0,0,0,0,0,0,0,0,0,1
platos,NOUN,0,0,0,0,0,0,0,0,0,0,0,0,0,0,0,0,0,0,0,1
cuanto,ADV,0,0,0,0,0,0,0,0,0,0,0,0,0,0,0,0,0,0,0,1
volteó,VERB,0,0,0,0,0,0,0,0,0,0,0,0,0,0,0,0,0,0,0,1
extraño,ADJ,0,0,0,0,0,0,0,0,0,0,0,0,0,0,0,0,0,0,0,1
cuestionó,VERB,0,0,0,0,0,0,0,0,0,0,0,0,0,0,0,0,0,0,0,1
qué,DET,0,0,0,0,0,0,0,0,0,0,0,0,0,0,0,0,0,0,0,2
boca,NOUN,0,0,0,0,0,0,0,0,0,0,0,0,0,0,0,0,0,0,0,1
tienes,VERB,0,0,0,0,0,0,0,0,0,0,0,0,0,0,0,0,0,0,0,3
qué,ADV,0,0,0,0,0,0,0,0,0,0,0,0,0,0,0,0,0,0,0,1
otra,PRON,0,0,0,0,0,0,0,0,0,0,0,0,0,0,0,0,0,0,0,1
abrir,VERB,0,0,0,0,0,0,0,0,0,0,0,0,0,0,0,0,0,0,0,1
rescatando,VERB,0,0,0,0,0,0,0,0,0,0,0,0,0,0,0,0,0,0,0,1
buscaron,VERB,0,0,0,0,0,0,0,0,0,0,0,0,0,0,0,0,0,0,0,1
metieron,VERB,0,0,0,0,0,0,0,0,0,0,0,0,0,0,0,0,0,0,0,1
tirarlo,VERB,0,0,0,0,0,0,0,0,0,0,0,0,0,0,0,0,0,0,0,1
risco,NOUN,0,0,0,0,0,0,0,0,0,0,0,0,0,0,0,0,0,0,0,1
